geo,year,A,B,C,D,E,F,G,H,I,J,K,L,M,N,O,P,Q,R,S,T,TOTAL_HH,U
AT,2008,0.09746064518452412,0.01259492795238144,0.34342267541873706,0.12606253609798485,0.03586889100133394,0.019763625737925,0.0303871365144002,0.09933516045155198,0.008765588497675563,0.0013955334360269494,0.0018227568432454121,0.0008245500884216008,0.003655252428290862,0.00451629645491491,0.0036763696130838854,0.0018862669513134104,0.0027325132901745534,0.0008649064338785477,0.002390123984976583,0.0,1.0,0.0
AT,2009,0.10511377133811266,0.01310781872947568,0.3242816832308576,0.12336316517042627,0.03671949800604573,0.019724942927622453,0.02978038108969491,0.09895374222164377,0.008291056281733999,0.0012946077804335346,0.0016679776948383513,0.0008282730193406207,0.0033985834494189527,0.004366916187149379,0.00426136860232541,0.001675863034304387,0.002186276960688107,0.0008494985003263233,0.0019950122804828366,0.0,1.0,0.0
AT,2010,0.09816722455512146,0.01299616251408972,0.3388798822161741,0.13431894000257089,0.03362497933086692,0.017616250716777644,0.02721886528220426,0.09305610371256921,0.007083139366167215,0.0013038929958420686,0.001168908949501516,0.0008012966351323184,0.0034459969554025967,0.004133238250231508,0.003983375074701026,0.0012714606270167036,0.002389539083523819,0.0008646507599542972,0.0015468970567032345,0.0,1.0,0.0
AT,2011,0.1020005975167137,0.01384120532156351,0.34743515096576416,0.13347055751656967,0.03351664183901759,0.017510085701277853,0.024970483891012772,0.0888743892466347,0.006509946250082087,0.0011697411236398145,0.0008294330819052627,0.0005173994795549486,0.0029677476245543034,0.004723582723256612,0.0038238997987757087,0.001228688356017359,0.002730999775103769,0.0009504203269075465,0.0012927357779677908,0.0,1.0,0.0
AT,2012,0.10607080819715597,0.013109758549371981,0.3546653026991692,0.12098504780922291,0.03419327051473448,0.018467817120173525,0.024379647504163243,0.08677708959985829,0.0058428734667493485,0.0010958913590405751,0.0005352085382612081,0.0003709403138237605,0.0029588302010583353,0.0046635550255456565,0.007216679004189575,0.0008708779638164592,0.0035685271262619377,0.0009315787407852945,0.0010974096276104722,0.0,1.0,0.0
AT,2013,0.10869152539190302,0.011821824120772177,0.3611327707620871,0.1123678202254474,0.033369941618211656,0.017870111911106257,0.025404527227604626,0.08606978506425864,0.005742787259811393,0.0010814649209889737,0.0005312902456019203,0.0003442559242011881,0.002781628150071268,0.004710622812691361,0.007108147044101798,0.0008962394355369806,0.0038389828617561156,0.00094952938490951,0.0008936117192533142,0.0,1.0,0.0
AT,2014,0.11563418164122995,0.012305710132597512,0.3728543299466886,0.09620709153620641,0.03411584593042725,0.016333876748025725,0.025229222396031346,0.08933356867184611,0.0056234379432707465,0.0010048277085482771,0.0004970292165541539,0.00031771590341665815,0.0024675982932469824,0.004683200598892617,0.007307656044212066,0.0009030946035003017,0.003199126284818032,0.0009756472229772904,0.0011037947366997292,0.0,1.0,0.0
AT,2015,0.11384767618246955,0.011377521306733095,0.37330019301060363,0.1084672040550042,0.03314270558993763,0.014380270927693537,0.024666435062698586,0.08439910974666363,0.005417460291012574,0.0009226035351672068,0.0004705574810290501,0.00034916797679421404,0.0024655258826094925,0.004132426343513878,0.007448695538504364,0.0009013467948860321,0.003268437342605397,0.0009838210332330137,0.001115797040083967,0.0,1.0,0.0
AT,2016,0.11591477603104405,0.011156595758281816,0.3702765665817437,0.10599377651676639,0.03324509298858376,0.013377807659311357,0.022787493213923836,0.08378808873235534,0.005313697400087277,0.00074769664760477,0.0004737722237898436,0.00040613894193418436,0.002616067119026107,0.003770472165265446,0.007907636885668446,0.0009203256289113117,0.0023438547001423363,0.001003133114417215,0.0011438979643122456,0.0,1.0,0.0
AT,2017,0.11051778011326756,0.01157167464328274,0.366353967684994,0.11095672590828469,0.031069670623661515,0.014517135736836611,0.02238858402031469,0.0942780418856083,0.005776398350960252,0.0007289484375425686,0.0006471311469973642,0.0007953507914107747,0.002361947145540945,0.0040859884574448,0.00819261913889574,0.000937604420991195,0.001732607507063391,0.0011640308399088089,0.0013947046492922958,0.0,1.0,0.0
AT,2018,0.11366282768302452,0.01154886657454321,0.361159050870891,0.10303776819021945,0.032998832920054434,0.015422807031855945,0.024367789217398787,0.09724168057977021,0.00582923702849704,0.0008979766379522436,0.0009156860955066754,0.0007636826858438127,0.0029306341520451934,0.0049725406354617354,0.006654720148944743,0.0010634937032859395,0.0023512370877179973,0.0015113534241300761,0.001496737617040977,0.0,1.0,0.0
AT,2019,0.10717246099952392,0.01056400453656101,0.35813329328341725,0.09952282291789176,0.030720010351287304,0.0145686862201166,0.02269633911095634,0.12256497402699251,0.005236396882275793,0.000788891779775252,0.001027138956782897,0.0006912175964550045,0.002703664680612337,0.005118038837645013,0.005591388318527527,0.001121283132244116,0.003186305832114416,0.0014776615260683064,0.002575178537797002,0.0,1.0,0.0
AT,2020,0.11607278773286701,0.010979692303813408,0.37166621502892805,0.08926665577664603,0.03213312423140616,0.015596817810110894,0.024826928223721085,0.08434409815346833,0.004797765108405626,0.0008966895105462239,0.0011011372340386401,0.0008040921863835929,0.0031444692518441558,0.005987062111661249,0.006160366901535979,0.0012364122942293218,0.003439800992716289,0.0016698634169520909,0.002831293039949675,0.0,1.0,0.0
AT,2021,0.10940894122746243,0.011926709330427153,0.3744842270644443,0.08347940945762321,0.025955268332668664,0.013755099973048352,0.02521999211875322,0.10021337412375844,0.0047844456189276505,0.0009614828991741958,0.0011867163990094303,0.0008677156938922449,0.003415982893446252,0.006611197276359926,0.007953052310486715,0.0012671967680971338,0.0037280072805836125,0.0018015241641314952,0.003119653399318885,0.0,1.0,0.0
BE,2008,0.08404762469904192,0.005849197441454318,0.3375287659066719,0.14929343819950536,0.024933722071453397,0.018201532949443724,0.022613497943909197,0.061288586874240006,0.003982924913643262,0.001739325431241976,0.002078925145506401,0.0004310730783560068,0.0055987161640550604,0.01112345380674136,0.009835390056726923,0.006264529771331518,0.0068891940025998044,0.0019013144596029903,0.002199999138088952,0.00030040650292785184,1.0,0.0
BE,2009,0.09324806982512683,0.005133662211719469,0.2807356590746229,0.16609925487454885,0.025981908426201527,0.01894184737825289,0.02499987698806014,0.06652162608375158,0.0044590367445598,0.0020483138997567005,0.002689078634008686,0.000543749557265886,0.006918868813842959,0.012475473091342578,0.011050813449102597,0.005464047886963978,0.006789510734724557,0.002087085808788842,0.002571736362866963,0.00034280905672187645,1.0,0.0
BE,2010,0.0887933122932768,0.005155225234099556,0.29746738185630606,0.1605035980838982,0.024263410850885368,0.01844991121364174,0.02365008713821697,0.06352479379001812,0.005245881409493793,0.0020411954944733273,0.0026309388844612458,0.0005223393657772538,0.00741851599182626,0.012529183540828152,0.010034094048977215,0.0054180673909950015,0.007121556005526347,0.0022007868942577192,0.002539311001268838,0.00033436113151006014,1.0,0.0
BE,2011,0.09296635128082277,0.006005338896091361,0.30876978447883197,0.14939907399144392,0.025456526695500827,0.020592223280183335,0.02267208716297072,0.0645837203686892,0.004734912921347552,0.0020855639276984514,0.002493465727941323,0.0005789793467000555,0.007136247775872341,0.01281919780731499,0.009411254115070261,0.0047776089553556245,0.006853275755289014,0.0022255215762246256,0.002353908343785824,0.0002818018822918129,1.0,0.0
BE,2012,0.09544428259247052,0.005787560619184808,0.29635034158991963,0.14917302007236297,0.026106512151631813,0.02074644577143937,0.02364305339637467,0.06086831812606125,0.005849357396204631,0.0021994442836195988,0.0025523288624056395,0.0005910219269462204,0.007634501880486132,0.013087887750239098,0.009841325032194438,0.004416676151102586,0.007528295366434947,0.002289982570111763,0.0024490120508923164,0.0003125182553182952,1.0,0.0
BE,2013,0.0964775838033744,0.005216603513486541,0.29967832890130947,0.13926219598598186,0.023482386226342467,0.022083197839537917,0.02463458193666023,0.04934235493203209,0.00648416570619941,0.0025347046386733725,0.002712671786719302,0.0006674356609668616,0.008651796334970282,0.014115746572204301,0.009887873871283873,0.00426895313307599,0.007289834010143034,0.00239749125031051,0.002813601718311805,0.0003469261657888895,1.0,0.0
BE,2014,0.10089443940642674,0.005325025611602529,0.31618518495821135,0.1352714234355637,0.024775899500059175,0.021482910319268623,0.023004694609846114,0.05304318327790435,0.005099486117062093,0.00251776577489472,0.0023440435547179344,0.0007013442734956168,0.0075854165115151655,0.014552097574060506,0.00893661103480995,0.003945735217816738,0.0069429394555059944,0.002741086769320368,0.0035067002022558264,0.0005947821897079085,1.0,0.0
BE,2015,0.10049900913448806,0.0036369324099176066,0.30567622748413154,0.13845170741709475,0.02323273082458445,0.023104987924693798,0.023283755659516504,0.0594035311858981,0.005448003615973181,0.0023040611138865083,0.0025314970149954955,0.0006708859852190926,0.008251575161301218,0.015056391534888679,0.009293927167256005,0.00437277847758918,0.007267067206846179,0.0027982814864149176,0.0038444291472113095,0.0006746440686195521,1.0,0.0
BE,2016,0.10038696428013646,0.003845501524842715,0.3087955855303295,0.1284782935072726,0.02230133812488431,0.023143233488571648,0.022954633144650127,0.06432942638298218,0.005637845954354223,0.0023174069978662455,0.002584164641536867,0.000713752067974725,0.008942792685536369,0.016323941744456383,0.009262701352466053,0.004324667877784864,0.007422846420320791,0.0025961171959206124,0.004281243361842522,0.0010721105525653089,1.0,0.0
BE,2017,0.10122129465930711,0.0036779909420688395,0.31088440347550117,0.1293620605377407,0.023339698163977126,0.023137673835612202,0.022434860676106786,0.06081632117284514,0.005640960462677892,0.002457025256982439,0.002539412881501972,0.000768026001694969,0.009306541405648568,0.016900185219928265,0.008952619337111183,0.0041880240633040584,0.007052984986805377,0.0029723068909445743,0.004996708149228225,0.0013485615042140918,1.0,0.0
BE,2018,0.10029634757476046,0.0038023635212626784,0.3112161867591392,0.1292711561431747,0.023952596507509707,0.02380234355642816,0.022323514450737658,0.06476835751835743,0.006126940819246879,0.0023802385347708784,0.002487863429810534,0.0008029491719219685,0.009234127282911272,0.01781460569374418,0.009344704162046162,0.0039297756378776265,0.00726898539198228,0.003050839469954691,0.0051337985793872875,0.0014047312655342643,1.0,0.0
BE,2019,0.10201289232965959,0.003967069206370573,0.3103365860309397,0.13124997823352721,0.02341760558026459,0.023738904854922707,0.02161301140529795,0.06586769985509636,0.005994561653911666,0.002518603539914881,0.002259710678955299,0.0008382774010906995,0.010156827264871736,0.018853342530918756,0.00871417973882172,0.0034038528813430616,0.00742615126028858,0.003059595642828987,0.0051863523180332195,0.0013765004681737499,1.0,0.0
BE,2020,0.11326967839810362,0.00419382172501913,0.31628514409845526,0.13463937965312636,0.024273884854113744,0.024542180372960666,0.021319538187432638,0.06032449326666618,0.005897458357931779,0.0023816591939816974,0.0021906710060727278,0.0007147541739684194,0.010172063840549273,0.017179937847821777,0.009130065163102616,0.003521975096659182,0.007353199766029879,0.0031019541227654077,0.0043470136310422925,0.0012252197907078395,1.0,0.0
BE,2021,0.11210908294335883,0.00415955671180607,0.31629243761367887,0.12191552056529821,0.023396823589610986,0.023469475295562554,0.02083830410140317,0.05689166418505767,0.006290040766585402,0.002479230688452011,0.0020535973107631954,0.0006938870396838377,0.010713996532615771,0.016112160919976953,0.009586811964447222,0.003935217072325689,0.007949851850539811,0.003287033020753184,0.004704666162109897,0.0013468490023022183,1.0,0.0
BG,2008,0.061465819531758725,0.024353814893633068,0.19242306600364956,0.4776039019443234,0.052256068576965665,0.007837385180469753,0.008352933498601034,0.09743793207612145,0.001241416164869384,0.0005332145654976818,0.00045362727391694345,0.0006879380301751833,0.000916684052280655,0.0018369285534563307,0.0011840956130125134,0.002952036846254026,0.0011060355020786686,0.00037976523766645705,0.0004835733913608472,0.0,1.0,1e-05
BG,2009,0.07159591819635447,0.026431570093907602,0.13308806392012035,0.5013112480987536,0.060837538476830454,0.009604428816806421,0.00933859746970071,0.10447596178978531,0.001373951022521915,0.0006154387766564381,0.0005311921713589505,0.0007582680342762857,0.0010636603802362935,0.002040392942072826,0.001878550981147869,0.0034125961256291667,0.0012046753119657613,0.0004363242798236994,0.0005408609045393967,0.0,1.0,1e-05
BG,2010,0.07933139712865292,0.026119028529988646,0.1305319598435273,0.5148867041755354,0.058229842659405735,0.00777295883351827,0.008745288868590323,0.09665724456623236,0.001240515040311505,0.0005668415657618935,0.000481702676266767,0.0006791503164404032,0.0009754125093494818,0.0018431308452773385,0.0013517691000677495,0.003070000669546052,0.0011858050800228346,0.0003943667169982387,0.0004831385661020447,0.0,1.0,1e-05
BG,2011,0.06972425242536587,0.028338176850234868,0.11879846528651519,0.5478917569914681,0.054056876505204784,0.0076089363261703045,0.00825432292298564,0.09158025118904779,0.0011078690331682095,0.0005064912506009985,0.0004145068998741599,0.0006008527424963086,0.000856929913348677,0.0016328045410057208,0.0013898500348068195,0.0026250045768588387,0.0010183463639602422,0.00034240510471365805,0.0004185982078842856,0.0,1.0,1e-05
BG,2012,0.08025141261913674,0.028018577089589738,0.1223284839173772,0.5148661888875389,0.05752872878378797,0.00819937232964409,0.009478078875554618,0.10305939170094162,0.0012371080175674195,0.0005526921672339976,0.00043119955445658796,0.0006639285601544798,0.0009245172625515434,0.0018109233989345897,0.0010119202795527452,0.0027689015188895145,0.0011375517872187048,0.00036618680910941684,0.0004535778501416124,0.0,1.0,0.0
BG,2013,0.09390637412327262,0.0269128015481675,0.1354721744578754,0.4862165339996059,0.06166517329014722,0.008329163155388918,0.008983048101780772,0.10074831800319964,0.0012516860842178951,0.0005172672594584328,0.0003972290782774868,0.0006309862670149121,0.0008615649336192619,0.0017155048094180524,0.0011118585339306944,0.0025581370339636386,0.0009211276176832313,0.00033871763099130125,0.00042501045866329026,0.0,1.0,0.0
BG,2014,0.10010780346925569,0.02618956473811147,0.1314597248734975,0.4908198801090586,0.05663641440917877,0.009233321075039944,0.009615446915255175,0.10643047619799093,0.0012235701191624841,0.0005569815818639267,0.0004242202860633202,0.0006048735178466209,0.0009164357964637946,0.0016673151728486125,0.0009389465171622849,0.0026309575240461374,0.0008558114912575206,0.00035032316763786766,0.0004088557089248134,0.0,1.0,0.0
BG,2015,0.09938206385903613,0.027884535064626383,0.13830457074653532,0.48350652827547536,0.053750233463390085,0.010577250315679486,0.009822631581583805,0.11024716389964895,0.0010191125493526566,0.0005042083015174367,0.00010627501541996994,0.000539955035772987,0.0005124158742070589,0.0016813621583224323,0.0011960956584836032,0.0007869223481049001,0.0007741312955994903,0.00017341586022344316,0.00023968780439871464,0.0,1.0,0.05401
BG,2016,0.10841424546356213,0.02661912363526632,0.15382192479914208,0.4448835290611841,0.054190565875183117,0.007913297681657244,0.010526735198424904,0.12316443239656798,0.001088556238005448,0.0005352550606562272,0.00012062587260003996,0.0005776039843409281,0.0006996705737492158,0.001676695913481566,0.0015108708471718558,0.0007358922559000043,0.0008042483953129584,0.00018280083349374792,0.000286129714197096,0.0,1.0,0.0
BG,2017,0.1057288306955977,0.027809598105567303,0.15987344490349073,0.4497462414622477,0.05024512967130625,0.00762796167540244,0.010805813086736591,0.12130003742628388,0.0010693958945218506,0.0005441261664810009,0.00010994237052076286,0.0005689630757833276,0.000509059383232751,0.0017022231709844587,0.0013356281337693215,0.0007102845027158485,0.0007517058239991393,0.00017806403111520668,0.0003239272090142684,0.0,1.0,0.05363
BG,2018,0.11410771994868905,0.026910205602422934,0.16942535160572628,0.4175246866428064,0.052164667407413004,0.009855162955695737,0.012617506589734298,0.12440125548982872,0.001400349040608756,0.0005386312900734876,0.00011856756512140733,0.0006260596376094441,0.0006055487904675034,0.002092147026454152,0.0009574998618465698,0.0007584410071880045,0.0008067677829521674,0.00021990449239235705,0.0003499694064787708,0.0,1.0,0.27621
BG,2019,0.11765501748042634,0.024886354220938173,0.1706109235669942,0.4067615942153037,0.05216716412135448,0.010898976350864559,0.012335353974987872,0.13031759330249054,0.0016287823255825018,0.0005039274599032135,0.0001344436562021362,0.0006595835602297196,0.0006773167875216375,0.0021509857004175653,0.0004933168512203825,0.0008107878672605234,0.0008198781985594336,0.00019901721875314267,0.0004055430787322292,0.0,1.0,0.57052
BG,2020,0.12932180762272535,0.026240931772697946,0.1803362507888618,0.3637582561287357,0.05641638258934549,0.01224992267939962,0.012985397782830506,0.1324245835377254,0.0012385266835334787,0.00046321595521984756,0.00013507230736237708,0.0006095811886034027,0.0006557393947254533,0.0021287550902279006,0.0005219786866627192,0.0006940041832674944,0.000866751339743334,0.0001555226066989043,0.0003649889384395348,0.0,1.0,0.54896
BG,2021,0.118375892422866,0.026529051365936748,0.16562705141116477,0.40193729220294333,0.04886212503978504,0.011080079852878729,0.012766601273446877,0.13171772069051593,0.00142638344324796,0.0004908850281949155,0.00014785041906861427,0.0006546969641031093,0.0006112297393424294,0.0020373618201204747,0.000734279061379466,0.0007891992967178741,0.0008590608129885613,0.000182847714328347,0.00039661670896310505,0.0,1.0,1.51995
CH,2008,0.11974501966671364,0.0013631812719377913,0.17728611783398615,0.014690570671014716,0.06876344720134488,0.022256132526433135,0.040613991257032536,0.11960117247906299,0.015443334375739328,0.0033350577854548958,0.006370117760501982,0.0037238336535355804,0.010396595472320093,0.005149515547648949,0.02550993562103356,0.001387907190954995,0.015742087349738587,0.0025732489596328244,0.005175191269081823,0.0,1.0,0.0
CH,2009,0.12245758511296564,0.00118177417233267,0.17215127137073447,0.014831963653949976,0.06848791462155349,0.023177187469798587,0.04134281189064152,0.11504579704398453,0.014430392956013878,0.003908431445349954,0.006643927900944927,0.0034806222891856065,0.010832806547398795,0.0053933089542403945,0.026172517602636846,0.0013766258357417803,0.01649828169917505,0.002696289099072828,0.005478609223328652,0.0,1.0,0.0
CH,2010,0.11815680256068004,0.0011864113036075266,0.1718991338061597,0.016240527625245315,0.06768807421231879,0.022804300637562794,0.04171663887248976,0.11249486712318978,0.015572577619345359,0.004065015729005504,0.006714207851574368,0.002513890087303192,0.011593980046185831,0.005401377558625711,0.026993316436208836,0.0014566713264790474,0.016645773424187518,0.0026018022039489305,0.006123595789821566,0.0,1.0,0.0
CH,2011,0.12486561836213605,0.0011953141795134263,0.17279840407358116,0.014507980932574325,0.07177202721543662,0.02359395990582868,0.042304910812043316,0.13043703228933679,0.01421158919231479,0.0035330468954890754,0.006779534360581717,0.0021199781817739754,0.010864821526671162,0.005518955086607022,0.025581212540874254,0.0013825577784208859,0.015411281323731776,0.002505670497175563,0.004779430089595077,0.0,1.0,0.0
CH,2012,0.12176992510015622,0.00118582563250571,0.16372902814096332,0.015114984626430863,0.07155751756277709,0.023783079803298593,0.042430256844195685,0.13199661079251754,0.014499084456146344,0.003330302082202113,0.006469637242860956,0.0021848455762734447,0.011616358651813987,0.005351028301389406,0.0263446056487812,0.0014141710128059027,0.015429374914274971,0.0027647026817459426,0.005216051542496224,0.0,1.0,0.0
CH,2013,0.11924494083521878,0.0012312943487253632,0.16280282998384896,0.01486228904253866,0.0695257899257846,0.02348237671016697,0.04032822771203444,0.13188710000682516,0.013787771149809667,0.0031119585101555924,0.006186207102725598,0.0027432634097069508,0.011817804999537756,0.005107845798071204,0.0273673794956815,0.0015470879768207204,0.015520388195891448,0.00295248958077785,0.0063071293210352625,0.0,1.0,0.0
CH,2014,0.13012375333273413,0.0013084835385849336,0.1655328094115737,0.012231599085466848,0.07536894386550684,0.0237998620137359,0.037790584153039826,0.14048014602559775,0.011851558186932962,0.003282134894469971,0.005450133207104984,0.002848067542048209,0.01052770253868812,0.005669600073829436,0.02570793151653264,0.001385607256439404,0.014273524143030602,0.003242566224016879,0.005465837662317116,0.0,1.0,0.0
CH,2015,0.12862261565362276,0.0013451835435565754,0.15046245878251122,0.014048728395414243,0.07674873304776385,0.023087942511268254,0.03770642755549051,0.14635498331405025,0.011441866725653404,0.002737876808042375,0.004681497691245228,0.001323138694219681,0.010966698423461556,0.005584350289152748,0.026045387470816382,0.001340086031393454,0.014602287964031544,0.003917981126102726,0.005533065081470066,0.0,1.0,0.0
CH,2016,0.1274399375937684,0.001402217959784401,0.14781820139935856,0.015453865609133258,0.07522088573126932,0.022332757358871226,0.03747207503800476,0.14706879334225734,0.011994521212461553,0.003140301905984164,0.004979584785807067,0.0020681716452757596,0.010262355155080992,0.005348724481460242,0.025393196596536563,0.0013277906447348978,0.014406666351834982,0.0033106415073116536,0.00548144451878628,0.0,1.0,0.0
CH,2017,0.1278669095129371,0.0014194232547957814,0.14965375692740854,0.015101801356454073,0.07511239403715278,0.022399790145210312,0.03756691233320668,0.15009801194465372,0.012257643818418689,0.002863663949205989,0.004267639058932077,0.002641217809962683,0.010198467786168359,0.005549598846768537,0.024703006147014164,0.0012667929702904225,0.01407939030077355,0.003257774278229175,0.004799447553566917,0.0,1.0,0.0
CH,2018,0.12916281519764158,0.001651298279389017,0.1495274057450893,0.015333566433573175,0.07688687101930528,0.02251754165969931,0.03593760337848178,0.16002638596073188,0.011911460392885242,0.00247710007395534,0.0038966248718088747,0.002509644485732749,0.011266241277208228,0.005517139894573204,0.022662430415771675,0.001165775442350352,0.01301661738908485,0.0036435439839548997,0.004970283543826351,0.0,1.0,0.0
CH,2019,0.12765575358490425,0.0015823926290724243,0.14691868731976124,0.01572902004256149,0.07667773229344663,0.022518209302406396,0.03562830237365145,0.16531104471884023,0.010494471171804472,0.0025553403680096,0.0037483984449172073,0.0017975413108803752,0.011414387162156436,0.005421419027249885,0.022952038445425163,0.0012317473357307137,0.01327246747944489,0.003920678352707743,0.005361725316049644,0.0,1.0,0.0
CH,2020,0.14649048988413538,0.0017591376089382289,0.16216703686933834,0.016896945740475816,0.08786069817911503,0.02588591184374128,0.038772127418774345,0.09140974439940294,0.011495663727237862,0.0030512422559250715,0.004448318998238852,0.002799602535965466,0.012042877205256274,0.006083351490231738,0.02436883140067795,0.0011876289494783551,0.015319216053685135,0.004692518413254219,0.005464099930324243,0.0,1.0,0.0
CH,2021,0.14047780144804844,0.0016351787337391416,0.15527099745568013,0.01763190018594213,0.08162801694367781,0.02482880023608525,0.03777305573079168,0.10014839141536812,0.011299611126901418,0.003729428894452527,0.004555515136952434,0.0028490212282407733,0.012527603861988158,0.006877973857577878,0.026947494036873396,0.0014030642125856026,0.015692203835805666,0.004608281089373427,0.006257651906785033,0.0,1.0,0.0
CY,2008,0.05604773348634831,0.0031663493134608473,0.18533057218264798,0.37606626940188403,0.05246015173364228,0.015819188119413078,0.020060339489877572,0.08888419080995189,0.0065759944322809965,0.000950146387639914,0.0011491561707437411,0.00043223526004272395,0.0016965490834020143,0.003465850986367271,0.006673164410060771,0.0009775709442575952,0.0011103597738332989,0.0008451327200306416,0.001671913165125443,0.00037292108457180764,1.0,0.0
CY,2009,0.05592223609284076,0.002764857505414346,0.16140420824701562,0.38462325082605864,0.054592375194926025,0.014679171515935674,0.020607646914566957,0.09315241716940717,0.006522414189196159,0.0010247162154801606,0.0010854759958830635,0.000723964859925807,0.002171182608537363,0.0033477019267428385,0.007074982807422969,0.0010859078219177943,0.00111845264640627,0.0009629217551338256,0.0016299668360623466,0.00042094680463000813,1.0,0.0
CY,2010,0.058953567488303646,0.0022660246655685067,0.14393297329829333,0.38567167987299417,0.05780082293926051,0.014823623850089725,0.020088098482569282,0.09308621988177301,0.007278113561057975,0.0011121062790450387,0.0012409515766681515,0.0004883549994913357,0.002370753311977317,0.0035711027619987658,0.007390248308742311,0.0011776234963958184,0.0012394187699933366,0.0010260842812994423,0.00196605702791462,0.00037015145453286695,1.0,0.0
CY,2011,0.06200311884232294,0.0031749907846116204,0.13452796277022733,0.39046410883804233,0.062087813015897934,0.013760660433391398,0.019571854244107286,0.07479396539864404,0.007573759763472893,0.0011259794245807673,0.0015022790790085246,0.0002859308219134947,0.002325620099310993,0.0032239377174888588,0.008795679584685426,0.0011648390623976025,0.0012133700609939363,0.0008647584761971752,0.0015722804629854069,0.0004439467437249031,1.0,0.0
CY,2012,0.06363605670226936,0.0028974366200340933,0.12267689581135488,0.4007916832497927,0.06792329421334607,0.011887203258595432,0.018608808424341393,0.0614856942145267,0.006932920079775285,0.001307276291117327,0.001285731619541693,0.00024462611195842166,0.0021131917761459513,0.0034350756918023937,0.008692170324584294,0.0010529834685517935,0.0012509029728545015,0.0008216393937116238,0.001995447054885789,0.00046337904429369836,1.0,0.0
CY,2013,0.06529170657467903,0.0014547400832803435,0.17222239268835035,0.3522173371662409,0.07608767085223513,0.010581777808881273,0.017276498614379788,0.052664494037608665,0.00797439046774312,0.0012873658950966539,0.001583544840335375,0.00023352329359520278,0.0021230170517009795,0.003006019661113141,0.008608347576193973,0.0012511509560965627,0.00143716434190328,0.0008437259798799374,0.002180015116115964,0.0004192857037278726,1.0,0.0
CY,2014,0.06051069422594475,0.0019336250975257468,0.2090008671112492,0.35346785914317846,0.07508348765953578,0.010251254396723428,0.015376118608628178,0.03934789329518377,0.00703403107245989,0.0011823994011830328,0.0011717196227068749,0.0002301171218042928,0.002099720442270149,0.0028701843697034766,0.008764163313282771,0.0009395106379000697,0.0013728188760906937,0.0006720285148784883,0.0018817745291934414,0.0003662619462407484,1.0,0.0
CY,2015,0.06380540772640221,0.001566850802792792,0.18977976861671142,0.3682479420327155,0.07630706701523585,0.010765362051103797,0.016992859925640213,0.025440698796974838,0.007756021824369154,0.0012661076927038485,0.0015006681147121754,0.00032777489893315537,0.002453338290031399,0.002853248459774337,0.007706721336524033,0.001043842450602661,0.0015183815268438167,0.0008901511662734625,0.0021100651791430285,0.0004357321267548801,1.0,0.0
CY,2016,0.062315289475903396,0.0016472380060661245,0.17996900430897694,0.3795754035588129,0.07243662070840536,0.011821560028407131,0.017168673849972754,0.030005049629390986,0.007492388094745601,0.0011877590468914899,0.0014112647160440556,0.00035204557703521377,0.002610715923052604,0.0026677735089429967,0.006986126890528128,0.0010436584209275205,0.0013595187447813094,0.0009097864915553199,0.002129328739988418,0.0004151338764966223,1.0,0.0
CY,2017,0.062447410615339316,0.002327780110715282,0.181682470462249,0.36642008016069705,0.07145586045314069,0.01319305988491371,0.018177125931313567,0.04340831691698229,0.007984898867348439,0.0012734574054407218,0.0014352382594953741,0.0003953164942579252,0.002889403468753809,0.003190428252095039,0.006989024688681775,0.0010173021692860538,0.001480110657412396,0.0010130355760319047,0.002118736046131706,0.00039661737759087175,1.0,0.0
CY,2018,0.06266499547674133,0.003308862475813047,0.16727446400409807,0.3736413918082591,0.07267302616013566,0.013337068026385636,0.018543509262490574,0.05652181160911038,0.008113932577278264,0.001227744807658404,0.0014219514189236936,0.00042034397989362685,0.0027439063831367705,0.0033019108145073243,0.007441648274975538,0.0009875594107294928,0.0015135626613016228,0.0011711417302989837,0.0020569720768666973,0.0003260267411289986,1.0,0.0
CY,2019,0.06589401107473224,0.004293335942190161,0.1650001974859877,0.37238748586419024,0.07619741571975854,0.015588000617361498,0.01992979049245917,0.03722109373125766,0.009973328793877448,0.0012731182267077686,0.0018878310266107912,0.0005272620235398631,0.0030025057762727925,0.0036101103712130483,0.007557372037257854,0.0010863273076917711,0.0018020510755203045,0.0011470220460728729,0.002471165469773845,0.0003808796613115062,1.0,0.0
CY,2020,0.0730254326825015,0.004898822107343511,0.18322476903329812,0.3544013731691894,0.08032850798627335,0.017572042728772594,0.021298920801757323,0.03294058783204589,0.007837243972006261,0.0013058067989539749,0.002131579517941495,0.0006617122729295226,0.003270482718049561,0.003691253691756222,0.008227505528759255,0.0012736219340611166,0.0018181810902619124,0.0009813381122710763,0.0017198676401549526,0.0003896370431776508,1.0,0.0
CY,2021,0.0744998186233958,0.002902427938314777,0.17565530045614772,0.35743453765620786,0.07918173661200811,0.015818383633893693,0.02084772290818879,0.032820539338721526,0.008209013952128462,0.0013965807755380844,0.0020031072005506187,0.0006264056707560876,0.003482968475389666,0.003954381553927815,0.007298207750488896,0.00116240193359889,0.0018293955209278694,0.001187972072212286,0.001798167666448062,0.0003480754947191977,1.0,0.0
CZ,2008,0.06913823482808874,0.07666446448327077,0.20397707720255168,0.41715813840190596,0.03843061753521889,0.014375809572082078,0.00692861812878835,0.06622063840965393,0.0007790861158816595,0.0007817367509723622,0.0004751917043091598,0.0029715895847594632,0.0010321533974878535,0.0022706806751499053,0.0016665146871543868,0.0018802176334594824,0.0025119816313151997,0.0005541044467926556,0.00039262306886892937,0.0,1.0,0.0
CZ,2009,0.0677626700350557,0.0730713087811837,0.18443704841258346,0.4237919141496464,0.042071024426239285,0.014272717849993111,0.009286853340409802,0.0649013475940405,0.001554894192064891,0.0008631754299641186,0.0005508799949956651,0.00290703755403508,0.0016005247724006249,0.002787198656424513,0.0017769038434865647,0.0026220404863438423,0.002854393199358566,0.0005643182533310592,0.0004560782153615785,0.0,1.0,0.0
CZ,2010,0.0653793050810417,0.07232629049466298,0.1677351367989487,0.4442355505860041,0.043066130171148985,0.012933653146617437,0.008479399497402595,0.06011983076774232,0.0012511734716647122,0.0008490168878564103,0.00037641351092577004,0.0028909664404022277,0.0016885383799774608,0.0022497384793892564,0.0015396161470963945,0.0018911298270499657,0.002676834557476922,0.0005487117105177461,0.0004592487414081017,0.0,1.0,0.0
CZ,2011,0.07081677543227101,0.07364182740501592,0.162147490825944,0.44529180324204387,0.04478945748027811,0.012709507501649196,0.00962984955657717,0.05967944279350689,0.0013572766912381693,0.0008178990486128383,0.00043464627516336005,0.00242375101218745,0.0014710915159406673,0.0020793936514339785,0.0016230991475150172,0.001812502648799561,0.0026645463887835044,0.0005173650997386863,0.0004454464001061924,0.0,1.0,0.0
CZ,2012,0.0723473752595332,0.07519727311496424,0.159010097428259,0.4356539127150261,0.04800177344587938,0.012221987813115225,0.00903986497698935,0.059734394087887395,0.0012533215915250672,0.0008078990474184189,0.0004774104166312884,0.0021794362872387726,0.0016074250858099666,0.0022199157857171184,0.0019360612735269504,0.0016317609046715485,0.0028038871066410538,0.0005345719977985574,0.0004267912740455502,0.0,1.0,0.0
CZ,2013,0.07452811815725774,0.06867538644919345,0.16171742298987232,0.42682351188240086,0.0528853290374315,0.010805697225760259,0.009192234147950977,0.06110158891309797,0.0012621029280340784,0.0007358766100596271,0.00045781092244896943,0.0018774155097330786,0.0014425391744616448,0.0025217916889968372,0.0014724372341227946,0.0014295866433050868,0.0027011712999815943,0.0005543058800481835,0.0004063585493923643,0.0,1.0,0.0
CZ,2014,0.07639781908713572,0.06934298936193413,0.1664959753064117,0.42348615911254567,0.05366114037827533,0.010434033931531101,0.009133364185564386,0.06434926329584875,0.0012271179281422284,0.0007441976106891049,0.000462426448315391,0.001838130256325301,0.00135971084582269,0.003199497414591303,0.0019670144550978422,0.0013001359959514715,0.002478497059140436,0.0005277002563360648,0.0004317469237286787,0.0,1.0,0.0
CZ,2015,0.08107879615116008,0.06855982079280344,0.16017806409246343,0.41322085740735087,0.05500277373042169,0.010271471161844677,0.009379670339033237,0.06728762311188764,0.001298540173555638,0.0033293195581797653,0.0004128787958807438,0.0015934209837393822,0.0015106739490571815,0.003144933658360468,0.0017114287413791543,0.0012982630057242672,0.0026139822546742794,0.0005047155140584064,0.00040380776791239356,0.0,1.0,0.0
CZ,2016,0.0817496047943553,0.06390226716984883,0.15491390095517024,0.4177564223845755,0.05494318343952761,0.011015950562306002,0.009543934460126713,0.07221989718270301,0.0013235975647961644,0.0007914413861361425,0.0004488718535677403,0.0013617992390946587,0.0015800855493517119,0.003897304318975338,0.0016310016354098562,0.0012628802957138593,0.0026056606867314674,0.000562315073865717,0.00040188862630250675,0.0,1.0,0.0
CZ,2017,0.08072603994332354,0.05956931213364672,0.15381670966109862,0.4152002079276243,0.056317130140727124,0.011282880724862056,0.010458104806289125,0.07648895839809888,0.0003676698385151588,0.0008197944556725003,0.00046276631042038724,0.000608503082832166,0.0014914530012670162,0.004526441795785252,0.0012884174584849735,0.0003336544735295712,0.0022143120296413063,0.00036910613524413367,0.0002938514433514415,0.0,1.0,0.0
CZ,2018,0.07909480555835535,0.05917648425806135,0.15844450490142298,0.41505332298425035,0.0575660719661321,0.011000785386069615,0.01090051271364942,0.07474340331815701,0.0006527645472819655,0.0008352365244457256,0.0004935365849038842,0.0013021932217542737,0.0019082785618244236,0.004169809149131694,0.0018329466057489736,0.0011560981011776506,0.0025864104348154874,0.000541184956543021,0.0003873984762646409,0.0,1.0,0.0
CZ,2019,0.08286219174994693,0.05361579517531896,0.16068446415730311,0.40220481185955725,0.06144623538830498,0.011905330933812519,0.011532865979103307,0.08164960892288606,0.0008259002669566423,0.0008956296021432573,0.00043110672860021765,0.001422294845982643,0.0017514033094207977,0.0035809669547264503,0.0016968759761591102,0.0010123161489879245,0.002647284625125412,0.0005787138067515022,0.0003691580561001575,0.0,1.0,0.0
CZ,2020,0.08927751645275951,0.049053012087500104,0.16865771109891933,0.3794131181760389,0.0693643525120337,0.012885838553455037,0.01033753942810646,0.0761677752934753,0.0004280692130407789,0.0006928229083926832,0.00046418593555674046,0.0014617055972729021,0.001269034524875027,0.0038211672168747316,0.002150559612355525,0.001001954450623004,0.0030891977150451066,0.000631537493371176,0.0002908758726375608,0.0,1.0,0.0
CZ,2021,0.0850682442592796,0.041217133556646156,0.17112529595951595,0.3833010691581886,0.06588887884386456,0.013939356487069081,0.011123864213226317,0.08306796057175844,0.0006140090533939741,0.0007197393653405035,0.0003370563007132304,0.0015121661658608948,0.0013667127838412172,0.003277707649950372,0.0021990637208808466,0.0010790259553170956,0.0028975312136843476,0.0005351900490676236,0.00026593718381284054,0.0,1.0,0.0
DE,2008,0.06362298194366159,0.01914633115905164,0.20888196050887006,0.3203676029959425,0.02144150000700667,0.00865337090374808,0.02022536269720022,0.09012741471310753,0.0038781078712941675,0.004142608676411534,0.0020131725585546445,0.0015905582544765151,0.008949599102801282,0.0011671005369110865,0.008115477418738328,0.0048939451690239635,0.006850210679343549,0.0028807734024068653,0.004145683769905603,2.850975168334938e-08,1.0,0.0
DE,2009,0.06883148662718182,0.015888790191641224,0.19707281988896258,0.3215360671221991,0.02276483812965185,0.009133603393785912,0.020438331896705204,0.08848579468185619,0.004195665790995279,0.003448401879395359,0.001960212502467711,0.0015467584212742,0.009263761544722407,0.0010259126106112707,0.008005179878186598,0.004559136016326968,0.0069138985364948025,0.002850266437761265,0.003857802480876875,2.8031188284959117e-08,1.0,0.0
DE,2010,0.06696095855704141,0.018583952613425186,0.20204188352826144,0.32064352121945755,0.01982650948035601,0.009067360500039605,0.021999915473914083,0.08755049492972534,0.0033347264278434366,0.0030794468792706728,0.0017122997139001647,0.0014297610508958083,0.008437876345642284,0.0017918356740353803,0.006559021159447525,0.003863954716446512,0.007840375476899685,0.0026699423299068777,0.003703079215130563,2.9459581505728412e-08,1.0,0.0
DE,2011,0.06984701510566824,0.018421911249727446,0.20441713701572248,0.3279704864330467,0.020079406261703087,0.009313043100194224,0.021136144811979004,0.08575671599874632,0.003164562354482809,0.003407320576831374,0.0015950546807454407,0.001431292812666257,0.008372803337780314,0.0020764596371916997,0.00612391278270511,0.0034300570737549143,0.007551148728341222,0.0025721844570044654,0.003513610989577745,2.8965798868849966e-08,1.0,0.0
DE,2012,0.06862945489030671,0.012383680802709044,0.19709129321779859,0.3411222049622387,0.01874968250118503,0.009216031004275184,0.019924549589394585,0.09072858263384942,0.0029228113948692696,0.0035183772677293713,0.0016807053111946584,0.0014159388101330139,0.008420708097703308,0.0018139452216462556,0.005945999078858292,0.0032631483290568425,0.00741291058818929,0.002587124432035497,0.003521231162042197,3.03169938485656e-08,1.0,0.0
DE,2013,0.06833345637991342,0.01115821611592113,0.19724167493088637,0.3382434114908674,0.01819850974021738,0.009388990343219697,0.02093921773874453,0.09004893516444122,0.0029851432396296486,0.003562150699882293,0.0018213195472227331,0.0013723455994136676,0.008835669937810087,0.0017766694690096753,0.006195334069649985,0.0035290904600477364,0.007830867733288602,0.002556515233734625,0.0037760529118712697,2.5005915209741046e-08,1.0,0.0
DE,2014,0.07340802116936879,0.00991771723195028,0.2064666088378372,0.33829172343378683,0.01636914513937813,0.009244591006641087,0.020084761213731987,0.08919899988824384,0.0028956836570913583,0.0015821385276331434,0.001744432703908803,0.0006357839827018258,0.003710198533619256,0.0017622933775587326,0.00595580984034033,0.003342640614656584,0.007719230908929168,0.0010172834850754068,0.006081719926068371,2.9969009911670344e-08,1.0,0.0
DE,2015,0.07254142816387438,0.009839978559539246,0.2112948481860747,0.3210560708098494,0.015397310353248634,0.009857035940872335,0.019630941841438883,0.09977141891359143,0.0029204089720732476,0.0015748590057610224,0.0016814242122533748,0.0006424643264756356,0.0038307087566486204,0.0017516173119344793,0.00587812415375938,0.0036115905488588894,0.008229508693917444,0.0011649573256667784,0.006155600370218404,2.8951226304165278e-08,1.0,0.0
DE,2016,0.07236749695291674,0.00907662996091446,0.2160469209696088,0.31796336876644865,0.015634765183225343,0.010156432344918852,0.019517961300559203,0.09557763474985265,0.0029418110883217175,0.001584301900278725,0.0016855889029892268,0.0006400661922834076,0.004065122520446265,0.001726776388479191,0.005809398527459711,0.0035372040041578034,0.008199069807419185,0.00111948266346607,0.006186384449677133,2.9299602608197198e-08,1.0,0.0
DE,2017,0.07236542376381122,0.00909389659997511,0.22478446865627744,0.2994976628989459,0.01584010073767315,0.010507212532467027,0.01969684774858118,0.1031511449859258,0.002798024324603694,0.0016267123174344854,0.0017017712802838744,0.0006386577507203344,0.004336783905281897,0.0017722044735427624,0.005576505934170316,0.003597855564046379,0.008158710100301454,0.0011222237996083863,0.006184347135723688,2.980408680633483e-08,1.0,0.0
DE,2018,0.07224552377118466,0.010894168193807688,0.2222538852289173,0.29334346547133866,0.01601710805256737,0.010404350736800993,0.01922048748355332,0.10979967779276162,0.002590186855985765,0.0016052188566474223,0.001586911493479993,0.0006262609874105198,0.004425325774055993,0.0016879975371138546,0.005268518062805633,0.0034150636353072967,0.007656326459586457,0.0010113166269366744,0.00602301477041518,2.986962249209728e-08,1.0,0.0
DE,2019,0.0763058783996487,0.009827660837903198,0.2303904921745681,0.2571174504431773,0.016592467472127417,0.011297762611279565,0.020215656444039807,0.10872585604213839,0.0027547994951060348,0.0017752974379845973,0.0017292033605412387,0.0006600839589412755,0.005049175483406858,0.0018339156031281108,0.005857632760606625,0.0037566546953501116,0.008337916481415549,0.001106891584271619,0.00633432059796332,3.202595072492074e-08,1.0,0.0
DE,2020,0.0845858289120033,0.00776956526920974,0.24869566014859296,0.2408905821258288,0.016651761849671307,0.012780091557952799,0.022222693907533606,0.08668303338502216,0.003013793535853778,0.001995820221930828,0.0019642603224568874,0.0006818700415118471,0.005446664004260845,0.0018664914734539517,0.006510935514933213,0.0044253715081715335,0.010091410775986728,0.001311330858500185,0.006266868747822893,2.821142083209959e-08,1.0,0.0
DE,2021,0.07946512159614949,0.006856308535621337,0.24796985134703797,0.265294680211261,0.014928054850085927,0.012558612151358617,0.021641658696626164,0.09055310948739075,0.0026614622965678014,0.0019810980072158687,0.001949208528692452,0.0006505123211694655,0.005407092160799697,0.001827424426411461,0.00654509415652705,0.004510603196021682,0.010146313160416547,0.0012351260926885608,0.005996872958797906,3.0131463481659044e-08,1.0,0.0
DK,2008,0.12879728805924687,0.021710386818824676,0.06306209928048954,0.19340651768393638,0.020884612145231435,0.01468744181713471,0.013576990821434792,0.43727926780626947,0.001801598939248673,0.0012103029461347017,0.000708225949193377,0.0010209958321762756,0.0017525619196342966,0.0025485149184364133,0.0026384453749169643,0.0013228630666569654,0.0027427988032527645,0.0006851209921947554,0.0009552180479779892,9.367807241983072e-09,1.0,0.0
DK,2009,0.13534882485053773,0.020594328515805223,0.05617415873058899,0.2060061551152118,0.02108575752167037,0.014006395800118154,0.013328056182230081,0.42221240766136253,0.0018072599470714877,0.0011271565877202688,0.0006872228072111559,0.0010396656031175272,0.001793389973000184,0.002419423583571036,0.0037498824267054843,0.001656141077452366,0.003045553917152903,0.0008135018333949804,0.0009557459703477174,1.0042279832130694e-08,1.0,0.0
DK,2010,0.1375827924034247,0.021643673777381536,0.05789990832916652,0.21042556357175501,0.020833732097391578,0.015191714293233046,0.013759879705986596,0.4085212480453775,0.0019507243857042687,0.0011168270249517717,0.0006624051664093792,0.001325105195229912,0.0018720074627883326,0.0024590547615883198,0.003491598120521285,0.0018124592968025847,0.0031145328214997833,0.0008277668147975314,0.0010137321091752746,1.1340861967430631e-08,1.0,0.0
DK,2011,0.13879924317039644,0.01962242116123592,0.06023988653206391,0.18324405196660767,0.0220638544400685,0.01626778805198335,0.013838222679841899,0.43769366644795177,0.0017540252811571913,0.0010401511167396397,0.0006191634213975807,0.0011897058244575663,0.001606735357407214,0.0025224895131837977,0.004191655587394677,0.001792118618473795,0.0027660705933667314,0.0007841872068278282,0.0007249935408141884,1.5354467579318086e-08,1.0,0.0
DK,2012,0.14643254950005738,0.020552917848414235,0.06265007158527686,0.1582182990872795,0.024721097227919212,0.01541486856816723,0.013964809884383915,0.4449378705222407,0.0017118706012406433,0.0010323587408759773,0.0006235172469491197,0.0015318547482974043,0.0017302934576231956,0.002483218495470734,0.004092970291058404,0.0019926441483696313,0.0029126745660680796,0.0008247508427121677,0.0008293481384751635,2.0676606489957533e-08,1.0,0.0
DK,2013,0.14860792450843155,0.020165573901084463,0.060468692705707504,0.1917468317031393,0.026104442225683477,0.013069645619383752,0.012694619537723753,0.41470054276885626,0.001573697781665365,0.000846531564385964,0.0005995999673153018,0.0012727059535593377,0.0015353597668215102,0.0022489462537809324,0.004263915321968293,0.001939172223526585,0.0029908529909391914,0.0008135150912860617,0.0007455446817861644,2.472331008521894e-08,1.0,0.0
DK,2014,0.15921819892637654,0.02135934962621505,0.06457860170398293,0.15242547277744473,0.028772893650888257,0.01573576894282959,0.012881280534864651,0.43124177339998476,0.001579912273147712,0.0008432900577550087,0.0005886715184142182,0.0012880284428588853,0.001603363330942791,0.0025135250634361153,0.004361948082171571,0.0019198281791138552,0.002805480369061105,0.0007663397108419272,0.0007149242526609677,1.5594618799199123e-08,1.0,0.0
DK,2015,0.15798561892928606,0.02181170168084583,0.06469901035546005,0.11947547157724604,0.02848029711324591,0.016803805873670266,0.013191017411242331,0.46274655963509426,0.0016228916005487366,0.0008915265144541647,0.000585045754110846,0.001409276522795892,0.0016878984287744165,0.0027268458862849424,0.004049461465815743,0.002050564624638852,0.0028607478896577653,0.0008080016302640215,0.0007795952411796338,1.112077686151873e-08,1.0,0.0
DK,2016,0.1548702074279701,0.019893493160826115,0.0641372947745967,0.13078914321579344,0.028588237531506477,0.01675042618633714,0.012569211169396938,0.4612291610427413,0.0015905296449793462,0.001014142440787631,0.0006618737341134237,0.0012279536317771314,0.0016949537575416788,0.0027007148663671936,0.003978019288409254,0.0017746012419282485,0.0025569327472793287,0.0010617404350261467,0.0007174239340802001,1.655383097956639e-08,1.0,0.0
DK,2017,0.15442383189004064,0.01991597893985909,0.06727071203649518,0.10969413310043283,0.027739641493508136,0.017698145648920912,0.01262444711980697,0.47977277148295033,0.0016451502601083114,0.0010227074675022488,0.0006324226696589987,0.0013170485121426448,0.001713972470910727,0.0028638269793928796,0.00515796578773638,0.0017341493459459374,0.0024620507841626588,0.0010598223369246973,0.0007375585160118808,1.2169019638415132e-08,1.0,0.0
DK,2018,0.14904185085342853,0.018405774553721034,0.06333775065383421,0.09734205063479305,0.0274590675796003,0.017784112302732545,0.012368416540039227,0.5072420158544181,0.001552682865526094,0.0009292880271716435,0.0006157900084254144,0.0012503670559048299,0.0017281336636341899,0.002986140652540593,0.004244056749562748,0.0016784822480515142,0.0023780889910879743,0.001067485062708643,0.0007168523811017123,1.8178376849822538e-08,1.0,0.0
DK,2019,0.15343514227804944,0.01754553542279344,0.06437799262488117,0.06571727620522062,0.02827060522970398,0.018142456105580365,0.012280879248462327,0.532531347207741,0.0014258209890269543,0.0009058351551455972,0.0005876292111732482,0.0012730309501527103,0.0017474907298307368,0.0031174517862583937,0.004526722361896816,0.0015640375928928712,0.002158047379248249,0.0009649432142075787,0.0007792085461869709,9.80319857952855e-09,1.0,0.0
DK,2020,0.1773406316616408,0.01373213910382678,0.07155278981224224,0.0631951864492051,0.03191507733538205,0.020298912157153515,0.012406055726209673,0.49963035203102557,0.0014281576432505264,0.0009458768595545251,0.0006238999545320461,0.0013683532133885177,0.0019520645257143593,0.0032864437205644527,0.005564277779460791,0.001719506180182253,0.0023647764212622138,0.001048265197566855,0.0008387410539517786,1.1879806294442156e-08,1.0,0.0
DK,2021,0.16512168262069382,0.01459888486270558,0.06851614814042598,0.07105813437382176,0.02801461737942743,0.01912153845786103,0.012057955701914468,0.5187805848764496,0.0014810799880881657,0.0011330591613184552,0.0005764417392576345,0.0014907758954275925,0.0020985491825705914,0.003103349266553187,0.005017097904038823,0.0015843618697676876,0.0021525418996627944,0.0009056189149936208,0.0008236719549293962,1.4019530565972865e-08,1.0,0.0
EE,2008,0.07469877001672849,0.003856498212524465,0.11669118310344728,0.5482687575520478,0.02586142244065572,0.009976614049264424,0.011973742089975963,0.1188800200535859,0.0017431646604304817,0.000698082724455092,0.00048074930271864886,0.004659813798004274,0.0023577114261705795,0.0030537346909830605,0.01074863143562235,0.002962676329692608,0.0012510303295607324,0.001181166000457891,0.0017558712409797897,1.7454694818234952e-06,1.0,0.00182
EE,2009,0.08426604333099577,0.003331906901441372,0.08397271694696797,0.5399939814995703,0.032268170885248186,0.010870561104470086,0.014671365981346553,0.12584277721582737,0.0028109951212397133,0.0009091831757004632,0.0006343614082018581,0.0061406384900450145,0.0029234169988524294,0.0033887258772312343,0.013547436260015873,0.003055025983486025,0.0013819060176344332,0.0014951943297002337,0.001840733791119439,1.919732612984644e-06,1.0,0.00177
EE,2010,0.06818389189839388,0.002936381721114533,0.06175777597483307,0.632500933187238,0.025779347195770092,0.008825419843567979,0.010760631496399728,0.11015964629886964,0.001726305163935366,0.0007010525634194478,0.0005331634243789976,0.0050673540132604045,0.0021635512629792544,0.00276153820585748,0.007160598611222682,0.002160158841854391,0.0010079740701931504,0.0011459073701205898,0.0014709777202867454,1.5170967652349556e-06,1.0,0.00174
EE,2011,0.0707027819198055,0.0030932611908815726,0.07908246890714642,0.6109286975897847,0.02340952843074573,0.007875698712679237,0.010363644069757268,0.11204389244551487,0.002014213537478797,0.0007768773801849916,0.0004303404925744988,0.004445590492856188,0.00250843737607343,0.002746960175971811,0.006949766551093611,0.002178616231769177,0.0012691523784017678,0.0016387221196148033,0.0018811819123856854,2.4639447316592517e-06,1.0,0.0
EE,2012,0.08300477003554202,0.004720311292401626,0.0823616636208559,0.5802307730155135,0.02347236808815734,0.00878792806189695,0.011652066558514975,0.11887590058373353,0.0020694384572598644,0.0008534772246410619,0.0004633052367964216,0.005040678060597865,0.0025137126701689195,0.003164550288316982,0.006976962347415024,0.0022292936581906953,0.0013505253307454711,0.0017359065643107728,0.0020883176889327443,2.6644633380767122e-06,1.0,0.0
EE,2013,0.07856329553621641,0.004217401197831128,0.08382128571267815,0.5916699040272618,0.019499666166562356,0.008134340968614654,0.010715487201347363,0.12404554734673444,0.002057187710988244,0.0007602612899888308,0.0003713623793061836,0.003716798157208822,0.001984552595412593,0.002546013946768085,0.005546191860295131,0.0019307197727652312,0.0014025547878117417,0.0017089379976362605,0.0018890395531581973,2.4125382874227574e-06,1.0,0.0
EE,2014,0.07710369266890156,0.003391573313986058,0.10578088436339525,0.5687574907603055,0.018806554727388174,0.007466911128098196,0.01124079735053523,0.12476453648046643,0.002784976148609905,0.0007148231929358736,0.0003997375204488819,0.0034167994329700204,0.002223034364984195,0.0027177137531252007,0.005687647955693004,0.001676303259726395,0.0012247768814346608,0.001518937616305567,0.001558176757602494,2.5242303525245517e-06,1.0,0.0
EE,2015,0.08176241815621461,0.0035853361403433274,0.11627051177872544,0.5076798938625977,0.02042916721348788,0.00802814565343347,0.013290655658609764,0.1398703326627523,0.003796813392971025,0.0006294301518948453,0.00030586050732401155,0.0035809747090077104,0.002090608187276327,0.0025606181056555015,0.00791510394817245,0.001988313558905068,0.0014770993206809217,0.0015809493029617372,0.000743859760955075,0.0,1.0,0.0
EE,2016,0.0742668153025982,0.003753174721801054,0.08066612520203963,0.6018744255012971,0.01932212946845068,0.008697831198264625,0.009131550584816435,0.109000500261641,0.0008264191074410854,0.0005289699805011994,0.00023082334181854947,0.0027038536646410627,0.0015545628344329114,0.0025597784681243084,0.0015883049649891266,0.0009218507861698447,0.000603019022150642,0.0004475196319938776,0.0006882989783994863,0.0,1.0,0.0
EE,2017,0.07232739159317295,0.004341206539741446,0.08513064806030268,0.6054007492008974,0.017282849233721267,0.006937476323597857,0.009100334468734247,0.10957323056197119,0.0008473043634221226,0.000515125204015983,0.0002232424018575384,0.0023402387827639827,0.0014839167690426575,0.00238302649084822,0.001276927846352849,0.000887180258799674,0.0006394128187828215,0.00046511709161552,0.0006420852652889774,0.0,1.0,0.0
EE,2018,0.07669046542817777,0.004291923746530097,0.09547519498050615,0.5869436850401405,0.01868659660330626,0.007839111104612944,0.009550743803437118,0.1014297462086253,0.0012533123989318694,0.0005408208749095241,0.00024539000871149074,0.0025272863036956365,0.0014054277942995425,0.0028518931353217823,0.0011671689774358594,0.0006776285900107959,0.0006778778437542915,0.0005316968601536712,0.0007943505573220461,0.0,1.0,0.0
EE,2019,0.11000593242826445,0.0048977382084104005,0.14895784785028796,0.4445075820577891,0.026182424423447828,0.01022936088834525,0.012547562246432118,0.11047477839279853,0.0017347147230825158,0.0007289921655247349,0.0003431864189291491,0.0031274690147054464,0.0018900631815728258,0.0036949819503869696,0.0014941392853304709,0.0008973627793550269,0.0009035035587689046,0.000704782666023711,0.001069428869700719,0.0,1.0,0.0
EE,2020,0.13738939734736902,0.004334911370674072,0.14064721131030233,0.39253687546201604,0.03417594755646303,0.013008983036318422,0.01588360415093829,0.1072087227825711,0.002864217186171418,0.0009408268574851125,0.00047419345739418235,0.004156780039214576,0.0024189830723269933,0.004504722391264881,0.002091543604396616,0.0012122155965748832,0.0013101663174049443,0.0009447620954964437,0.0012924539341942422,0.0,1.0,0.0
EE,2021,0.12542978236657545,0.003521697435357697,0.10424678084349044,0.465600823896824,0.02804594416179456,0.01183628187960922,0.012939551931324657,0.1074300941249606,0.000947231300301455,0.0007142342883754138,0.00023825168569577239,0.0034931383617302914,0.0022206302253089485,0.0035280425909790455,0.0009462631795193639,0.0008936214896320985,0.0006717916383552926,0.0007205549717828571,0.0008783400603811157,0.0,1.0,0.0
EL,2008,0.08530490645993186,0.012293095918016401,0.1775185725979325,0.38057393326505085,0.037638141213804856,0.0050760939904763045,0.018207736446332997,0.12439539814771002,0.0012997947545210981,0.00043042213184620883,0.00014299202311392507,2.5201475157654e-06,0.0012799590547014393,0.0004466581744669963,0.007560281357049188,0.0003534987361789564,0.000878026524061283,0.0003368194203788891,0.0004928546792978103,0.0,1.0,0.0
EL,2009,0.08462485608360684,0.012951751954726238,0.15722010162972197,0.3786999219694523,0.03793406806940182,0.006927240025004161,0.020506766325475802,0.141928073097591,0.0012076433318024805,0.0004201236716249643,0.00013770439709458787,2.481389702491798e-06,0.0011813714848530597,0.0004306044834766013,0.004361055133523042,0.0003313883216284089,0.0008914489018379885,0.00029621271288653167,0.0004610201937325667,0.0,1.0,0.0
EL,2010,0.08821994018848503,0.011373640091403113,0.16035913812388902,0.37720670930869676,0.04180949445874383,0.004751581218494636,0.02018174837605924,0.14385533577788445,0.0012318150897084519,0.00036323990775596107,0.00014061713785682068,2.5581423807023285e-06,0.0011723399962312038,0.0004119853966639479,0.004414459257696013,0.0003342487720240553,0.0009221777076356502,0.0002989300968665936,0.0004658677728223116,0.0,1.0,0.0
EL,2011,0.08907998295148599,0.012216875989217677,0.1332986323322606,0.4053337375540881,0.04033937164390871,0.0053234501891947445,0.020341885258586854,0.1322402012737095,0.0010329632203928804,0.0003429632467538016,0.00013770564725539648,2.6713222137871284e-06,0.0009764699960484247,0.00042831432547832165,0.004070851966132386,0.000350255877129719,0.0009548730649556867,0.00039318727508185874,0.00046547767556429196,0.0,1.0,0.0
EL,2012,0.08209732846860356,0.013199329226459592,0.15003640044627162,0.4212758568827879,0.039546062604004915,0.003109623450705393,0.018944522900942538,0.12524208842299026,0.0015076710057180737,0.0003708770054439906,0.00019222341657765116,3.3308005306974333e-06,0.0011127439401362401,0.000511728221593478,0.0038890244511555535,0.00037603446143253197,0.0010176611935519074,0.0005115592875822926,0.0005209455141930728,0.0,1.0,0.0
EL,2013,0.08684941152149436,0.012728912739899267,0.18421257476907676,0.40618072585411213,0.04555951349875505,0.004209643807450235,0.022068929967541256,0.11388896002025076,0.0017076510796578694,0.00044553738495349467,0.00016439971934473576,4.521392955838605e-06,0.0010130179922093392,0.0004822072555642888,0.003625373721199857,0.0003248783099239391,0.0009694844041986096,0.00046624600178755683,0.0003688240196175655,0.0,1.0,0.0
EL,2014,0.08592941947538195,0.012163917263256635,0.19629340190015593,0.3828450772046712,0.047512199209592605,0.004424543606217047,0.02139151964164103,0.12301717970860208,0.0015860521735902137,0.00040242756538806814,0.00011135485724481656,5.561283350757874e-06,0.000667234984320314,0.0005195980174593495,0.0029992742682900374,0.0002920675746362169,0.0009897365218773236,0.00034801508204582583,0.0003295581723849239,0.0,1.0,0.0
EL,2015,0.08659310052475037,0.0116152744268059,0.19318185484176048,0.3439917702333664,0.04785006013164383,0.004238752011315387,0.0230886129018921,0.14290190022661156,0.002055832746348589,0.00034641629651994884,0.0001391781114562351,6.753305177702562e-06,0.0008744065682621406,0.0005026664086796828,0.0036477037322625804,0.0003597310750544846,0.0010910568887949614,0.00042892666927904483,0.0005750261965947122,0.0,1.0,0.0
EL,2016,0.08807160236132577,0.00868872247698566,0.20658338556737324,0.31126099092193543,0.05000858665427357,0.0045738746961135335,0.023696462453831505,0.16093608361383688,0.002019329683866143,0.0004003571616988051,0.00015731176355497384,8.722556793586945e-06,0.0008658792402861484,0.0005700509213766917,0.00347497858148442,0.0003535692914106801,0.001174360624898468,0.0004820720321663099,0.0005262605763273169,0.0,1.0,0.0
EL,2017,0.08325931851185511,0.009469946441219698,0.19501421790770548,0.3281848469340723,0.04937915352671159,0.0035847437687169972,0.02284462312872369,0.1709847918287518,0.0017498837192946137,0.00033383714433911127,0.00013530562031396253,1.056017687574764e-05,0.0007543003358786196,0.00048646479391566377,0.0032411832317040374,0.00031227554096096134,0.0010341460168913975,0.0004079929205591882,0.00041087296879802846,0.0,1.0,0.0
EL,2018,0.0834453847013054,0.009275731331012102,0.18928617481821913,0.31647682030634866,0.05113333423892599,0.004017054802023236,0.02174230784889048,0.19409752637767352,0.001884366031204739,0.0003001593048548998,0.00012445291912348193,1.2291237454177518e-05,0.0007335180083313755,0.0004962781571969583,0.002690104970248948,0.00033775762515749245,0.00106432863049566,0.00043829747864688545,0.000371766024959261,0.0,1.0,0.0
EL,2019,0.0875608682973158,0.007303767299551,0.18480822981077666,0.2753125020808174,0.054323687749280605,0.003535255929073992,0.02115664504337094,0.22168142235326602,0.0023284047959456103,0.00036791414007473415,0.00013836778958180846,2.2856704907633403e-05,0.0009088635511626364,0.0005337530774850737,0.002866681464224476,0.0003823332177824568,0.0011922757052484313,0.00047840934219661475,0.00040916311862083574,0.0,1.0,0.0
EL,2020,0.10472351818494698,0.004567239830330444,0.18953452078183874,0.22684561172966702,0.06245505589351402,0.0040120943939617425,0.024002750947202493,0.22474464851077272,0.0005686486776412536,0.0004223955469936098,0.00024542906820304924,4.0509723817654395e-05,0.0011589390140154681,0.00023579717723972603,0.006242051767987163,0.0007229889732667647,0.001621249517645604,0.0005850685427459114,0.0005806262636195278,0.0,1.0,0.0
EL,2021,0.09885452143334346,0.004075628010754028,0.19927504515813463,0.22593362072480988,0.0655621718206625,0.004322632969385964,0.02518017083622727,0.22308133405996053,0.0007599194950086354,0.0004568346824525648,0.00019298186259661819,3.245081228286481e-05,0.0011224839903628894,0.00035532600099877365,0.002821288632703571,0.0006444038419470554,0.001392235698088618,0.0005100008922703061,0.0005377226626920203,0.0,1.0,0.0
ES,2008,0.10619172911997855,0.012703598567884868,0.2570879120916096,0.2237660482105913,0.03837866925407856,0.008381834536972744,0.015377402848577653,0.11076257730546496,0.006477378352310992,0.0006967068707777977,0.0005759900770808819,0.0009536909116648732,0.0011026028309563075,0.0010548549075670773,0.011720096368993268,0.0012782933901523252,0.0031017120313473665,0.0010677786847147332,0.005710019293428674,4.2472507058023306e-07,1.0,0.0
ES,2009,0.11857179143242144,0.011079939506767358,0.23969607255251796,0.20550257170040967,0.046491452778561926,0.007996456262642478,0.01659648689057035,0.10895789766950989,0.007698517866598769,0.0008049978874109992,0.0006963462358092139,0.0011457637209119252,0.0013124755914480431,0.001245153191915949,0.011833386532445,0.0014924927750686208,0.0034910929926622127,0.0012822843268036803,0.005716606794602843,4.834046447437125e-07,1.0,0.0
ES,2010,0.12297657981020228,0.012387094713234922,0.2563227122601493,0.1673154097765453,0.0450193323485443,0.007977283384014187,0.018591963053124702,0.11083307043072939,0.009676541821485352,0.0009837188046380972,0.0008513772881045087,0.0014408527671543364,0.001649215692514004,0.001555437139160615,0.013067437654022657,0.0018053988436475478,0.0038794641840657926,0.001612927341112864,0.006191655275649182,5.001831441798409e-07,1.0,0.0
ES,2011,0.12359546441529175,0.007715889812140607,0.2436827896633782,0.20528673510442877,0.04698936598135492,0.006848151557413268,0.018862148939389804,0.10665514435896149,0.01010669611101304,0.001016709781409634,0.0008860528195815428,0.0015032526236523176,0.0017154895994430598,0.0016200730890392329,0.012638025821323841,0.001773131997486371,0.0038922950303309643,0.0016825326663486176,0.006032476489089974,4.938382384652327e-07,1.0,0.0
ES,2012,0.12372793229249092,0.007400673042960329,0.24359859496472935,0.22258967092576562,0.04756540391949254,0.007131275081664282,0.01832860662340963,0.10024808140829264,0.009289787839293216,0.0009440727038616157,0.0008136485033782878,0.0013787362969587135,0.0015758799509356255,0.0014884205793999155,0.011618388180748975,0.0016322965265738079,0.0034359722782426683,0.001544055856755689,0.005605004941027672,5.063970348946254e-07,1.0,0.0
ES,2013,0.1338834103123698,0.008262079963736246,0.25211375309457545,0.1803479420029792,0.04896234894297912,0.006788813857820259,0.01839769056069394,0.1050591044999583,0.008193141798713381,0.0008549200358766055,0.000728154759129531,0.0012216883182664118,0.0014053773575416226,0.0013218040846639913,0.012314517220501054,0.0015643398715691856,0.0032915520432469027,0.001371482617925654,0.005648303589837806,5.559071975841907e-07,1.0,0.0
ES,2014,0.14040306590328924,0.007760567543030554,0.2462527373793293,0.19069280863777052,0.045640733392145263,0.006053448101484354,0.017166281223269637,0.10433338503012991,0.006635906532579019,0.0007182598507822172,0.0006027294564574342,0.0009919727062238759,0.0011509099470241326,0.0010824171980978526,0.01173726740441667,0.0015191722857032855,0.0030115625190724796,0.001115506851652168,0.005029088612749608,5.443392512114997e-07,1.0,0.0
ES,2015,0.13453358908020777,0.003808779119613285,0.23761766017390848,0.2145957528055427,0.04689166023670152,0.004119485326278242,0.010543345742610724,0.1083652023792852,0.006137762301217709,0.0006647738379915132,0.0005568249558239357,0.0009165365580710452,0.0010665537645480614,0.0010008893990163022,0.011771905929335602,0.001429148831948262,0.002697078992508952,0.0010329007265429582,0.004758017469453362,4.958911486337755e-07,1.0,0.0
ES,2016,0.13900732705306768,0.0050733831040282625,0.24914935996325513,0.17562445840989938,0.04717052814802279,0.004815687547545667,0.011334728722580897,0.11741773596909195,0.006453837168043813,0.0007587822938954006,0.0006105815781034409,0.0009768320573759006,0.0012102897607297856,0.001139537161011633,0.012008645661373026,0.001532110936255144,0.0029433151417119045,0.0010987808102517786,0.00462047834852889,5.203116950707269e-07,1.0,0.0
ES,2017,0.13500036534983798,0.005080980905330634,0.23927131957214923,0.1975912729889638,0.0450239907761536,0.004585078835107344,0.009964149805506596,0.1210710614467398,0.006568194064468645,0.0007595310663397778,0.000608969832988237,0.0009831299360377316,0.0012411413778158284,0.0011625589324390038,0.013064715140683155,0.0015155797878438865,0.002985903911312736,0.0011910535390015084,0.004160178879742384,4.863158551940359e-07,1.0,0.0
ES,2018,0.1377489105955744,0.005481009719487812,0.2462070310263827,0.1741089670369962,0.04480245802401703,0.005102442228649942,0.009523690328428968,0.12395283578145376,0.007061435478314604,0.0008336621121770974,0.0006435292274652924,0.0009523819694869048,0.0013452361945213466,0.0012451451045831605,0.013596535337728515,0.0015820084333596942,0.0032681307024485947,0.001162859791259487,0.004274264427789032,4.6929740497361996e-07,1.0,0.0
ES,2019,0.14519262346754402,0.0055662448868475526,0.25312422968347,0.13525827924953826,0.04619038554876265,0.006038775620430959,0.010031201427099257,0.13534301649337038,0.007399622483584708,0.0008538893360269903,0.0006720312782503397,0.0012591905813002606,0.0013841758924691143,0.0013201770280553808,0.013386245348712541,0.001666969712173129,0.0039059429129338617,0.0011514918904728113,0.004378560050329547,4.7448873183793514e-07,1.0,0.0
ES,2020,0.1714652783203976,0.00563073532703789,0.2718213380371626,0.10897063526091004,0.05245443692889393,0.004980171450669027,0.010408680244055904,0.11449492900450457,0.006781808934303934,0.0009326485126077644,0.0007272400272112584,0.0017433780320197855,0.001611164690105003,0.0014491876244784822,0.013863102414982436,0.0017726991534210606,0.004457856293202301,0.0013268003956338316,0.004354675270408992,5.007045442693531e-07,1.0,0.0
ES,2021,0.16048290956280573,0.005840146317720092,0.26869469687916436,0.10392099820807407,0.04841103249183125,0.005494924400706157,0.010612516652747445,0.12528290458700422,0.006974021212266278,0.0009552617309878678,0.00074425094920534,0.0017953906208797304,0.0016577099751184398,0.0014921801254462943,0.0150129846792821,0.0018306348111397951,0.004400997845356897,0.0013646431018635335,0.005237806537296053,4.4312119678288424e-07,1.0,0.0
EU27_2020,2008,0.10357083554023595,0.019621441300496794,0.2221348716498457,0.2555263902540602,0.036934999777010605,0.01217772049393138,0.021192253761687162,0.10425483033523551,0.00412731430854077,0.002143184510007618,0.0015932082642159374,0.0015947798166203223,0.005101242094445255,0.004916736361109758,0.007351524640525602,0.0032298983499776126,0.00487685880948003,0.0020553401171621516,0.0028269402173593436,2.304691523640459e-05,1.0,0.00397
EU27_2020,2009,0.11051024086710107,0.018576641294976885,0.20015534231776294,0.2549570679881823,0.039628063106084625,0.012214210177871289,0.02274536943292457,0.10246510977250671,0.004587145008874762,0.0021153838503725946,0.0017261762717477034,0.0016997438471528196,0.005377549604515922,0.0050466992206418945,0.007688880658828705,0.003429397854102118,0.005224360433548569,0.002254673335340045,0.0028761054286752788,2.597507018620099e-05,1.0,0.00464
EU27_2020,2010,0.10760927121522373,0.018749383694670597,0.20612714479861047,0.25300350435455154,0.03837832199384922,0.01180834003113195,0.023190776637941737,0.10278870432708972,0.004486112122045851,0.0020698187999860064,0.0016515130708308864,0.0017258581549136746,0.005249553841394677,0.005039389319027382,0.007323041840588377,0.0033499488422526185,0.005642230239112692,0.0022975744544892914,0.002833542842438944,2.603980119840191e-05,1.0,0.00523
EU27_2020,2011,0.11030916897031728,0.01902468716556546,0.20637797526743298,0.258677054432861,0.03815147417762846,0.012490673590461321,0.02283593691961029,0.10343741944258796,0.004153843548346851,0.0020814815163557204,0.001549473969219459,0.0016210496588688942,0.0050704866670347425,0.004987645792356112,0.006950902383188168,0.002928969656952191,0.005365035647794501,0.0021225186829163514,0.0027100496980394756,2.4767398967452305e-05,1.0,0.0056
EU27_2020,2012,0.11146740609755533,0.01761484387985482,0.2018437129337216,0.26120896054295795,0.03826958154193216,0.012161603890849202,0.02277833169369977,0.10304991586630037,0.004140590217091899,0.0021226152062648455,0.0015692107739717044,0.001571586726121718,0.005177198689126127,0.004921517165834936,0.00688667743749637,0.0029630141615093254,0.005565453531921577,0.002193866581171988,0.002717776579293041,2.552789081601359e-05,1.0,0.00602
EU27_2020,2013,0.11459754375143731,0.01738179672181317,0.20140348726530705,0.25320940523022817,0.0379457512002446,0.012236590353246328,0.023509406563408067,0.10241780369778004,0.003986204571900191,0.002152108686040574,0.0015977656974014217,0.0015494796328217749,0.005287103609202183,0.005034948413776173,0.006825006559074349,0.0034229122097863248,0.006491896116492331,0.00211127542624741,0.0027730709738924813,2.652198645910873e-05,1.0,0.00695
EU27_2020,2014,0.12016996109616619,0.017070676598950424,0.2066716932736565,0.24794049370439986,0.037991314891380586,0.012390214845753299,0.023573882215452684,0.10414833208774378,0.003644429555506468,0.001655971851254133,0.0014990731231240644,0.001317783942139079,0.004007266035243044,0.005083131056067846,0.0067152041073558376,0.003183217802297888,0.006348457869760576,0.0016770615253966883,0.0032884002334935556,3.4328545565729915e-05,1.0,0.0073
EU27_2020,2015,0.11879925711282728,0.016813237758112266,0.20500803008416255,0.2451117244790234,0.0370348931616205,0.012293538340085378,0.02269615576690094,0.10811024651918107,0.003788040836709699,0.0017623973428059828,0.0015315393653067993,0.001343342049255612,0.004162187500355382,0.005164832171269129,0.0067266551351914715,0.003258323284383041,0.006386744214901434,0.0017498349714844595,0.0033357094330506523,3.719737010059949e-05,1.0,0.00889
EU27_2020,2016,0.11846528909926138,0.016076776366354333,0.2053531529602385,0.2395778962731871,0.036855960725211724,0.012398081918284676,0.025522931442392528,0.10612603134408156,0.0038007686900477892,0.0020320484391652006,0.0018537411102379567,0.0014982757111300143,0.004062720196623445,0.006728035597018977,0.0072209870076552635,0.0033491928022770364,0.0067531316103008835,0.0016576031588174838,0.003207192555384021,4.8953344226039387e-05,1.0,0.00873
EU27_2020,2017,0.11784987797364538,0.015766633949267823,0.20605557929727447,0.23593762043312003,0.03653006036595327,0.012440169670797384,0.0261914041083981,0.11299423767516888,0.003740470686571337,0.0021194785528921324,0.0019141715764911034,0.0015378999451894273,0.004117238828094056,0.006045441739686423,0.007241906698025901,0.003233528282712815,0.0068635112278491945,0.00167068580754252,0.003188087754773803,5.666778328971928e-05,1.0,0.01019
EU27_2020,2018,0.11949603542828392,0.016157878150534367,0.20797184122119788,0.224706997417784,0.036965513253207974,0.012824865228998766,0.02573413104403427,0.11851003549117982,0.0038610358534052554,0.0021221006749564415,0.001940528544751415,0.0014902060956552738,0.004257770840963271,0.006762538068567313,0.007038801501922144,0.0031512269582477065,0.0067751185816094335,0.001658205393667992,0.003156063818033642,5.9726252958819226e-05,1.0,0.01431
EU27_2020,2019,0.12306652848482688,0.015413275321403134,0.21067806373069203,0.20255170755419907,0.038470425219715776,0.01342962010847557,0.02674547513073232,0.12432649784149066,0.003976769871253874,0.0021499182489415286,0.0019425459527914256,0.0015310136739949151,0.004410875351984264,0.006742502192009533,0.0072829353657221305,0.0032021336369587156,0.007101517959430528,0.001716992588663742,0.003199982813832731,6.28970752003879e-05,1.0,0.01988
EU27_2020,2020,0.13730676379267978,0.015496537300311907,0.21898433281125845,0.19123066355246265,0.04183964602473507,0.013995926360828283,0.027353637404374076,0.10506883440657062,0.00380680435853572,0.002064631877440198,0.0018732583837326128,0.0016010692707582323,0.004586301491308181,0.0068305009333706115,0.00787153511641419,0.003397045590403058,0.00807756836686261,0.00177114891849254,0.0031246418942596256,5.712923520503948e-05,1.0,0.01984
EU27_2020,2021,0.1298103945783688,0.01451086023935834,0.2181129805126227,0.19924762297619816,0.038705440374822174,0.014730339963089034,0.02770212455844153,0.10913050468337475,0.0038757689218924707,0.002179583914839096,0.0020263682857052947,0.0017015702431698314,0.004665221646572043,0.007018328754005573,0.007974010312343634,0.0035623915247950276,0.007865543401950083,0.0018115749227732118,0.003195841161005769,6.409198036859232e-05,1.0,0.03706
FI,2008,0.10979797352617861,0.004809643325187238,0.25245892624900457,0.28384356053602594,0.045811597983558855,0.016972168019329697,0.007489117423155624,0.14362824633927562,0.0030272635793371656,0.0009323018898402093,0.001212455040153819,0.002118688922356428,0.00048307836457580147,0.006245418434991596,0.007215099373714248,0.0010596417304065903,0.0023220803168320404,0.000973225600980824,0.001966414435125165,0.0,1.0,0.0
FI,2009,0.1135120169264162,0.005251825290119873,0.21020993836310126,0.3148108821948528,0.04710508385643612,0.019274503457816516,0.007684665705705605,0.14727269054161204,0.0031521347906201965,0.0008325737271468598,0.003201774843374395,0.0021656556878279143,0.0004892568851949608,0.004897641150615472,0.007696018276732816,0.0014317725928888845,0.0021399830835899573,0.0010197724357227987,0.0012580052418660198,0.0,1.0,0.0
FI,2010,0.10387638424169167,0.005919775761856803,0.2056285198644919,0.35064533125693204,0.0422307651839872,0.019776375825525126,0.00810781744108493,0.1386281318570494,0.0027875776094104083,0.0007019791766287787,0.0031105204626939377,0.0026990078429759467,0.00043984370509085797,0.003482965089077892,0.008000050002739387,0.0012571001198996077,0.0020764945273742045,0.0008690202485308501,0.0011771634712780218,0.0,1.0,0.0
FI,2011,0.11299488539574412,0.006800955327601928,0.22610446801068773,0.3053067041749554,0.045221005273849924,0.019450289743417417,0.00829092650781579,0.14955959100200775,0.003050205360183427,0.0006312059426491014,0.0036735116188453642,0.0019566529775709145,0.00048717197844476537,0.004058846660822028,0.008470974975007274,0.0010660485266149624,0.0021612436707567693,0.0010260233107815917,0.0012877491898369445,0.0,1.0,0.0
FI,2012,0.12307918157994063,0.0075689507101069815,0.2182618111976595,0.27377901952468464,0.049083347988792755,0.021851724967889122,0.009331693158966032,0.16078896989145122,0.0034001952218943895,0.0006819925491282735,0.0032570569893111113,0.0018447523714693328,0.0005054742803639555,0.004263941222319827,0.00816435583621396,0.001089358884808708,0.0026413138030820195,0.0016238951610556736,0.0016076115757370731,0.0,1.0,0.0
FI,2013,0.12315129658865752,0.006296863466135645,0.21430768056941535,0.29209483777817224,0.047281137731405846,0.02279367641149089,0.008893091881942877,0.15308963501785952,0.0033184305772902965,0.0005996064515481189,0.0034545424441919247,0.0015594655918619957,0.000596022987901287,0.004919700243806164,0.00823797775857888,0.0011167367616056658,0.0027270911387236767,0.0018238348448166907,0.001502088429189709,0.0,1.0,0.0
FI,2014,0.13042416210366345,0.007112572553608412,0.20636922638730107,0.29312047450865414,0.04789724077019769,0.0206836949705058,0.009473361730057544,0.147242471160963,0.003443914891420806,0.0005051704720445787,0.0031471019699661202,0.0014423490934488826,0.0006367327539355316,0.005287504742598484,0.007335717989826866,0.0010577496574692075,0.002844624011328131,0.001793488991029921,0.0015773357437847998,0.0,1.0,0.0
FI,2015,0.1371870870871619,0.006641243536996724,0.21353593696275439,0.2603383896966676,0.046753514916063006,0.018176792223221463,0.009584376049040274,0.16452630160300924,0.0041371258945239915,0.0001719274718235292,0.0033500458448846976,0.0022142764963721568,0.0010619582039465784,0.004011775970631361,0.008281963248001992,0.0010085834518130526,0.002719668126719377,0.0019356601596273312,0.0016993728849585103,0.0,1.0,0.0
FI,2016,0.1313264609767489,0.00611032064085815,0.19918216787814078,0.2794416842850943,0.041998044459311365,0.02041151511026744,0.008831826006686432,0.1722800175839437,0.0035492129881236974,0.00018193345364802855,0.002269995498898941,0.002653155690528712,0.0012740939025437663,0.004007123790214052,0.009704871516594741,0.000985471691196747,0.0026382807900693075,0.001955308282178964,0.0017045390511709127,4.266698742306276e-07,1.0,0.0
FI,2017,0.13511339404252137,0.007491119878830943,0.2018695123319434,0.26365837525009816,0.04115790029731297,0.022397682267806054,0.009103191907103724,0.1761108911909348,0.0032106172516314815,7.253875352942277e-05,0.0016151461321266291,0.002592875708221919,0.0008758419192580265,0.0042931141195609495,0.010005587239851156,0.0013600459993642366,0.0028750051422053516,0.0015229174068325886,0.001540783298117018,6.619420707193478e-07,1.0,0.0
FI,2018,0.13177429342964123,0.0076934851168633115,0.19820437472885502,0.27860800536887625,0.0393272609129402,0.02583078290644645,0.009053326488863138,0.1732294664943681,0.0030464153385835534,7.192820647605328e-05,0.0018501611166296139,0.0007839051416833413,0.00026951841586795433,0.004012677818630609,0.009356188619888644,0.0013357900020276028,0.0028663978456128832,0.0013905660765369048,0.0015386026214470718,4.591533345848384e-07,1.0,0.0
FI,2019,0.14069321390213957,0.007551050380778584,0.20114030652610207,0.24985422074529334,0.0409839317964151,0.027896523372014932,0.00887042340860684,0.18596923469512744,0.0027299174903352838,0.00019412115464825225,0.002431903462945015,0.0006881358708786128,0.0001770476711248531,0.0045982537985901125,0.008666891040292913,0.0011610200956593908,0.003152771088043529,0.0016226290499614868,0.0014980825825051303,6.916453665286351e-07,1.0,0.0
FI,2020,0.16257315267271003,0.00891844965439496,0.21694630353324343,0.22832135814595603,0.04692487740624349,0.028409778432212488,0.009724916433570338,0.15527758909836548,0.0029147995667815722,9.409921642110835e-05,0.0015670623466318226,0.0006987207904563586,0.00023209706260132005,0.006218092485666781,0.009111130922559857,0.0014776274296319162,0.0031586044241836615,0.0014310415630064673,0.0016344068100088843,1.0249361120076439e-06,1.0,0.0
FI,2021,0.15917029820429796,0.008766601571472929,0.22011764381166646,0.24182728209251078,0.044950426578687884,0.029360318388544644,0.00910857699589471,0.14718785176834373,0.0027762270994176404,0.00015300599775051844,0.0029517673295153704,0.0008200168004221244,0.0002802515162303123,0.0064206509698759694,0.008534014816275767,0.001495385697459734,0.0033815162437212934,0.0015809982317557063,0.0019384276939164058,1.0281693473118888e-06,1.0,0.0
FR,2008,0.15678608912025707,0.0022953432304910993,0.22522790690673133,0.07280264293631972,0.05064690203124389,0.01497447604531999,0.028159781894012446,0.13814223308827397,0.005882455729778656,0.002033312627632983,0.0019954793138815975,0.0009398576739203872,0.0046151268405008215,0.01814106828655615,0.01249021403289269,0.005304967612305128,0.005010393208877866,0.004212068198907501,0.003079992444561201,4.525107811989128e-05,1.0,0.01581
FR,2009,0.16343634874770774,0.0024082924198970883,0.20065873560417088,0.07466690766920295,0.052475390995560395,0.014718681531172728,0.03188284802587967,0.12924394769059033,0.006817972108366099,0.002340676478654321,0.0021976709266072186,0.001010538684110041,0.005296168107621706,0.01799582207395913,0.013310845399906523,0.006219862256281254,0.005895939379292108,0.0050679662538399405,0.0034588034687257157,5.5442986054221404e-05,1.0,0.01803
FR,2010,0.1580642009764883,0.0017930466339058674,0.20725750246842317,0.0772246540975872,0.05281167246383001,0.014424272384671932,0.032510272568512334,0.1300513040272422,0.0070967286591075195,0.0023955279683823168,0.002227072060720375,0.0010414268373294072,0.005375242752696365,0.017487770501680534,0.013272279908449347,0.0062717899419250794,0.0059716199462556295,0.00532331577841768,0.0034448971118640403,5.880457693117192e-05,1.0,0.0194
FR,2011,0.16517766149244617,0.0016911982196182993,0.20508124761151586,0.07084297304981739,0.0535379679333114,0.017308047947577135,0.03212733407200854,0.1366411420774369,0.005981983423621584,0.0020899398022187453,0.002049106039860056,0.000954937418856267,0.004658403438477034,0.016991807180483067,0.012703042989434098,0.004849923323422075,0.0054432326494341125,0.004406881589328609,0.003099962392568645,6.346709648886454e-05,1.0,0.02024
FR,2012,0.16300225691889642,0.0015559692952302501,0.1921299564312217,0.07873856005310131,0.052989030570963956,0.01651632226392267,0.03281247861417546,0.13526102720532088,0.006322610769721928,0.002195888207625281,0.0021520872711321966,0.000985195850870834,0.004984511345964231,0.016501792405655868,0.012715719470691594,0.00546926561382199,0.005854648433484826,0.004748898415253936,0.003201710695112634,6.419608173190084e-05,1.0,0.021
FR,2013,0.16359074019946382,0.001395711089308504,0.19632797416243578,0.07623754008681007,0.04857745075487213,0.016857899413953447,0.03324565156085672,0.12945944419292468,0.00507220131104557,0.002126566634966689,0.002063610242073973,0.000939407663049649,0.00441757850339192,0.01648705116669687,0.01082312363753401,0.008259697301596343,0.01189236184241656,0.0037655539607103173,0.0029009730205848358,6.368166764005537e-05,1.0,0.02153
FR,2014,0.17822440202237422,0.0010676429322433161,0.20529167915971813,0.05302888525253367,0.05062140527113031,0.018009624748399348,0.03381094464597568,0.131480878350248,0.004930777171971722,0.0020880613751467153,0.002092719591748078,0.0009352268805394727,0.004404044594696864,0.017189193947634344,0.011163764696542991,0.007435678936167638,0.012211893626535816,0.003637626597741531,0.002992169886504488,6.922955320840364e-05,1.0,0.02203
FR,2015,0.17631730287439654,0.0013675232369002332,0.1981099739500263,0.0591318725564831,0.04888213450679839,0.01794767390764913,0.033786874408659816,0.129084183271471,0.005145777359821207,0.002221355392647691,0.0022044993580249026,0.0009763933427762758,0.004669085959870112,0.01775395010550713,0.011296902070508957,0.008052560788650829,0.012467944241717509,0.0038193883290378538,0.0030515246906852554,7.073778822431665e-05,1.0,0.02264
FR,2016,0.17312041188726177,0.0014136761973388358,0.19648233046989602,0.06677831061143819,0.04899216254911111,0.018070380352339602,0.03308782514432064,0.12530677711747423,0.005130886748825113,0.0022622254245887076,0.0022480979024815757,0.0009770135728322043,0.004804841661361399,0.01749112036839536,0.00986859178909431,0.008055459560942066,0.012030937417203744,0.0038652474874630977,0.0030035798468280328,7.095750486519803e-05,1.0,0.02333
FR,2017,0.16993253894055466,0.001383746685608182,0.19178755313741633,0.0743314342353058,0.04871347690265938,0.01794153066414406,0.03310055893495317,0.13425503029905153,0.0051921277409153746,0.002347011596169271,0.002261632782661365,0.0009996166021300863,0.00490273253315661,0.016932692238956017,0.00995242032868275,0.008265165696838049,0.012722342208220948,0.004050591878597385,0.003013972728396638,7.078878026226458e-05,1.0,0.02362
FR,2018,0.1738693608806633,0.0014808132593424586,0.1973562722551647,0.058584868951976427,0.050124491834413386,0.01860271525057628,0.03369753865682694,0.14004691407115127,0.005290974413878711,0.00241440944751941,0.0023624900396522243,0.0010543031446401435,0.005095554025810781,0.017816539657305775,0.01066199400537168,0.008056851094121728,0.013163792276448217,0.004076468281403568,0.0029357942303874117,7.204967046135023e-05,1.0,0.02347
FR,2019,0.17342505831102212,0.0013053308172715362,0.19444197409594252,0.05695857998963037,0.053882668331402095,0.01907638693126009,0.03098306095315577,0.14134330014872287,0.00541744744141449,0.0025197126509226464,0.0023792822816889555,0.001113076415219122,0.005551760657933002,0.017873229019155282,0.011560568465818228,0.007767694177086805,0.013441607359790945,0.004138582908282997,0.0027006752913679728,6.937873110140274e-05,1.0,0.02257
FR,2020,0.191765320196252,0.0014072967327302978,0.19238583854258368,0.057067404340844924,0.05962200550943093,0.018727845230316894,0.028145181441770556,0.12595002456707693,0.005256283675256773,0.00244169827417343,0.002218473086069129,0.001038509535215633,0.005309152119649707,0.017916951130181907,0.011887350127036601,0.0076279218656100664,0.014013284484131552,0.004081570033994754,0.0028228497748918604,7.286971285496104e-05,1.0,0.02157
FR,2021,0.17778204783065196,0.0016759533432513774,0.1935148461061836,0.0598412167044907,0.0530756401213342,0.01960913463084825,0.027900444399705862,0.13134022440928786,0.005422983638210749,0.0026108399535747125,0.002392416065854241,0.00109708827684996,0.0053357505425966015,0.018550700182816685,0.013127297375369532,0.008443529394261826,0.013783001976099935,0.004335081898822873,0.0028046965465235597,6.533226791936056e-05,1.0,0.03398
HR,2008,0.14200357434633168,0.035664089312457486,0.24383755969007215,0.20327330779774774,0.05798277095223415,0.013565915388817618,0.014767263155550821,0.04808424356790327,0.00167476528435086,0.0028863941504101076,0.002115444128910016,0.004539061899526311,0.005110819587525606,0.003583796997394251,0.002189442386141598,0.002644365512418281,0.0032864231311641027,0.001139043173661943,0.002857014457206554,0.0010770006775814172,1.0,0.1645
HR,2009,0.13628507993412586,0.04056146202331841,0.22809402632044148,0.18648452385134803,0.06471059690237235,0.0134058652866411,0.01592729538687788,0.05171571376472113,0.0018338831644305784,0.003153978205163025,0.0022975549142036037,0.004907466940160193,0.00557040878456876,0.0038789681872275,0.002423761680477376,0.0029176684750504135,0.0036591775353540016,0.001306861090729968,0.0031083334617722073,0.0011217756310629007,1.0,0.19854
HR,2010,0.1397891313584484,0.042626610752339984,0.22774823655659604,0.1749192083149724,0.06772692559110324,0.013074818762208977,0.016266235374088056,0.05462902717230517,0.0019903933604242525,0.0033142054198406212,0.0024655792441162817,0.005250046456013088,0.005851031602808035,0.004049343880217919,0.002496145328722461,0.003145853695488479,0.003961728996364665,0.0014448656224532134,0.0032607020346624854,0.0011213803045613182,1.0,0.2372
HR,2011,0.14298973146656999,0.03733955988421494,0.23067705021399526,0.18108492101845394,0.07018849125848745,0.012650611274948651,0.01582936140122169,0.05197860986507679,0.001895058289934152,0.0032355588147112177,0.002336207400233106,0.004958112894018959,0.005696370234866871,0.003894801259356059,0.0025216554009461485,0.0030534095293731395,0.003906238620963341,0.0014745348474794857,0.0031773843582842305,0.0011240618417930359,1.0,0.26682
HR,2012,0.14639515712690462,0.032490815160853066,0.23063090651635487,0.17251460894606244,0.07522815439241574,0.012290021442589769,0.015713492217912142,0.04755010310135837,0.0018763714443873914,0.0032459518532835735,0.002245608803885213,0.004744899178629989,0.005689667345578413,0.003783746211627383,0.0026382348329203964,0.0030140506082558475,0.0039663061147392105,0.0015526141126587362,0.0031541134938178755,0.0011241822915901256,1.0,0.29907
HR,2013,0.14301197789507367,0.0334131303604522,0.215979632868606,0.1721200939838508,0.07868728394057718,0.012780025733351541,0.01698175010009755,0.05885013007678889,0.001962973455900334,0.003393472811302246,0.002279221983545498,0.004762943582692507,0.0059094020210375105,0.00407646767789697,0.0029684220325214296,0.003240634162626711,0.0042407204232590475,0.0017371206631125252,0.0033280309788597325,0.0011365362151730958,1.0,0.32797
HR,2014,0.1444765580207537,0.03156940263440561,0.23102762333969115,0.153798786115426,0.08348097734657234,0.011477012892083032,0.016524289755690813,0.0580056395219936,0.001927752858052223,0.003375978614779838,0.002220886818427254,0.0045838676519516595,0.005840833086929784,0.003942544395133803,0.0030243157246506802,0.0032396111015687663,0.004311578711727163,0.0018254625265056248,0.003249694724455123,0.0011772007273964532,1.0,0.36692
HR,2015,0.14391647085304676,0.02594138722142468,0.21907733655644368,0.15176774563336237,0.0844336789196021,0.011568226596452636,0.0175948076148649,0.059022266633419085,0.002173958581535077,0.003750305551798149,0.0026079931306723946,0.005390218877468328,0.006507538721963361,0.004332019682521859,0.0031646608178257873,0.0036582132851911927,0.004829181234840201,0.002005671528869458,0.0035776047767693757,0.0011984804890477097,1.0,0.41027
HR,2016,0.14138633749346732,0.02378683584745079,0.20045832602524413,0.1622751507533748,0.08583363885188033,0.011458855098296795,0.018039565930268533,0.05955573424694813,0.0022399543156001746,0.00392563682011096,0.002706175995917715,0.005567730003614793,0.006798535064771036,0.004447766075245566,0.0033117101979132277,0.0038402821858769666,0.005125911662198561,0.002171999690305638,0.0037222492037383335,0.0011931375641382857,1.0,0.47591
HR,2017,0.14096606971922931,0.026224485026677728,0.21307470308963367,0.140974336295481,0.08442028879560741,0.013531942754006876,0.019784121917552962,0.06683853452981302,0.0023653377494658695,0.004175608886686436,0.002759659759101852,0.0057100008233383496,0.007243890126864444,0.004804448764700853,0.0036301539475169778,0.004056900535590369,0.0054597622346158345,0.002362813519585566,0.004060362065607817,0.001169398095725404,1.0,0.54814
HR,2018,0.1441369031052017,0.025342586094614893,0.21808611114284174,0.12492532114077277,0.08832541806233765,0.013846125473542137,0.020285745043767064,0.06255470306524037,0.00248721941650718,0.004422016192604572,0.0029131307840418973,0.0060052753233117056,0.0076623114636458715,0.004958950608939453,0.003809463670170158,0.0043225936954172945,0.0058976188509183985,0.00260310822027038,0.004275104913279745,0.0012629280705257517,1.0,0.61274
HR,2019,0.1433998408585043,0.026305890637281143,0.20589567923015556,0.13577915295480567,0.08754678045136094,0.014846714972559545,0.020973740290038956,0.06499160556628249,0.00251750166407118,0.004526616675050089,0.0028869795304351372,0.005943729074010873,0.007833456237027487,0.005068688266704689,0.004001623673434028,0.004412696118026585,0.006081015037664449,0.0027401562355713277,0.00440925897875429,0.0012703329203199922,1.0,0.66988
HR,2020,0.1497484029931882,0.02498096119389748,0.20434930253554365,0.141433814852929,0.09254379656564732,0.01412740838747835,0.01989253843841502,0.05473335232660294,0.0024916207209060375,0.0044980882833591885,0.0028281397424306837,0.005812660568346758,0.0077810606876178,0.004828092406889581,0.003930502167648257,0.004388410748807836,0.006200187745039521,0.0028643549106928587,0.0043626923653687045,0.0013034351038446587,1.0,0.72287
HR,2021,0.14710233154224117,0.02533648918241375,0.1956197511612521,0.138604415661131,0.08589707886821292,0.015535220800003333,0.021285441168620182,0.05606754363608091,0.002697655672984105,0.004873680240859431,0.0031060083009009243,0.006433038834535362,0.008464888466320994,0.005188842373229534,0.004121480028501271,0.004708125301032542,0.0066612176208636995,0.003036029374485692,0.004738398963655472,0.0013353408549522797,1.0,0.80107
HU,2008,0.10302231660099903,0.01641666836897695,0.1533636469288699,0.2655231372348661,0.061048873259411315,0.010950149086936721,0.025134236329762697,0.09931894198705464,0.002453933828390178,0.005594956612951448,0.003586596171814515,0.006010299981676329,0.004790458232473667,0.006139402051012499,0.009529616055992205,0.004033835300081842,0.004216530606612321,0.0009507122709874532,0.0018295224351152913,1.4281489598522374e-07,1.0,0.0
HU,2009,0.10478301159319456,0.015263549864135062,0.13632295355172314,0.24442049931453752,0.06684066601870599,0.010480361619853116,0.0276393382708775,0.10106040216003999,0.002931640124784528,0.006354913165188952,0.004596641320498608,0.0073810787692599475,0.005427573718017743,0.007113847586476952,0.010973939666475096,0.004452957601646217,0.004582042289550215,0.0009862207988720255,0.0019709184040526146,1.2658119319415792e-07,1.0,0.0
HU,2010,0.10489613811699845,0.01502223959342174,0.13925938718338907,0.25089093671175666,0.06601446508644163,0.010483670269497135,0.0281301369754058,0.09556847887304071,0.002901604013069229,0.006285091990232934,0.004807174120703305,0.008693217497435858,0.005975109529138031,0.0068829352893927,0.011240441320798593,0.004539714721581337,0.0046168488337671705,0.0011508407311350754,0.0019747671568353027,2.059767353536126e-07,1.0,0.0
HU,2011,0.10997984390229826,0.01521455849572797,0.14425791134584318,0.24221523205935214,0.06441210110490903,0.009629283253666772,0.029621442337156877,0.10567170990707678,0.00285341552975574,0.006383379269205459,0.004911281635240137,0.008852258213154328,0.006034583235693779,0.00705083742060191,0.011292509585964608,0.00441750275507175,0.004682127574782198,0.0011462157418445477,0.001995789817741338,2.178016750837365e-07,1.0,0.0
HU,2012,0.11539140199841344,0.014927390431242065,0.14193335872327772,0.25390179561480036,0.06971874063650836,0.00939814434474472,0.02954085317318992,0.08323363207526188,0.0026120464172343927,0.005715419114809655,0.004172361741477653,0.0076694807165777965,0.005385379080569122,0.006569165379039478,0.010116487520800417,0.0038984744880342335,0.0045362227770803926,0.0009929057340679218,0.0018914421767742147,2.5323921330171167e-07,1.0,0.0
HU,2013,0.13198354375903618,0.014672669431261403,0.1469242309715955,0.2227742854705237,0.06900352485408001,0.012822774917919487,0.03236105905944628,0.08869679172044574,0.0026544652871409776,0.006080911056663839,0.0040800563684398414,0.008152187643299447,0.0059171351404817985,0.007494261491949097,0.011334797686979849,0.0038707731154929326,0.004986838250828704,0.0011364366000727003,0.0020757230550691205,2.6962461934731324e-07,1.0,0.0
HU,2014,0.1372785270673635,0.014030770315774809,0.1555785321490401,0.20776822774291542,0.0667493416462167,0.014178530284883546,0.03433787876121814,0.09442363914349657,0.002935143808968987,0.0056390551341218035,0.003631259351805317,0.007206437406966717,0.00541992692490979,0.008229455875994085,0.010551038549754865,0.003822578742409379,0.005087908392049416,0.0010897332265932013,0.0018778943776668507,2.702121169877772e-07,1.0,0.0
HU,2015,0.13472863449839723,0.01313956322331338,0.15901703620343313,0.20206401801467147,0.06160978120165688,0.014832860979387621,0.03691647855287954,0.09080161945859089,0.003016072703883838,0.005535318267650343,0.0034278234319565317,0.007334296958708823,0.005755796245252536,0.00927732437841873,0.01165676639568399,0.003976762941464643,0.004889863293374854,0.0011617614608049256,0.0017614239281724473,3.9925618717513335e-07,1.0,0.0
HU,2016,0.13980602319918037,0.013469261259337301,0.15805622821240745,0.19816523616127724,0.05938480597143689,0.015191046268699136,0.034819228279052296,0.08895041446679451,0.002805149131936228,0.0051436975459229475,0.0031374266272387458,0.0073659029428703665,0.005657466852134388,0.009813085680552402,0.011326206927480802,0.003939490657128713,0.004975121012536712,0.0011500855881781734,0.0015240562300799553,3.9750434457071173e-07,1.0,0.0
HU,2017,0.1330973426559424,0.013218049044460183,0.16932362966120384,0.19441705422363117,0.057561597854036514,0.01491142379368121,0.03353012355929032,0.0948451778952147,0.002794611378886268,0.004643653266199652,0.0029680418547197085,0.006770643802589388,0.005316541282210182,0.01065718985211262,0.011258313150015808,0.003429849733097201,0.004265130919112845,0.0011596173640056819,0.0013824128292752298,3.3901090409260507e-07,1.0,0.0
HU,2018,0.13482936378583174,0.013882063964607368,0.17409403152062256,0.18160721883102743,0.05691577497331832,0.017303558326567596,0.03478201256533859,0.10094934975176646,0.002919497584564085,0.004422149177409089,0.0027945913281565374,0.006793625254922619,0.0053459617293054465,0.01217915312350114,0.01166979172438316,0.0032184685317617357,0.004803663181685461,0.0011345825949287585,0.0013125096945526605,5.860110963764032e-07,1.0,0.0
HU,2019,0.13740318640804064,0.014120441494558055,0.172995554009157,0.17784597675073796,0.0579715525640544,0.017189292585089014,0.033916207873297334,0.09446427469743135,0.0028732412345638275,0.004169812251226286,0.002850243701821519,0.006978831173440921,0.005288226946833148,0.012653095368871985,0.011936702810812808,0.0030481240506835686,0.004598004140523737,0.0011440259680014343,0.0012913730790870465,4.2624494867380596e-07,1.0,0.0
HU,2020,0.14728602165507873,0.013605842574179303,0.17695339460384665,0.1839020067254846,0.06031517947205024,0.017760895080716706,0.032725965622825204,0.07169404562949243,0.0020689321268477605,0.004252023800195187,0.0030268985483708506,0.0074306248526337885,0.005431683303200919,0.011250208139808818,0.012499234996179281,0.0032305877084803985,0.005727020446554036,0.001063588834775047,0.0011064935916535537,4.722291496478513e-07,1.0,0.0
HU,2021,0.1430764379899579,0.012726566180042479,0.1712136346421735,0.16690736914939958,0.05836378407029197,0.018639786667259586,0.03422114491133835,0.08131816131084914,0.0024838792028442744,0.004475061754498011,0.003054965715808652,0.007591704264706142,0.005607421393390187,0.012571690802580568,0.013357419422563552,0.003092936832694507,0.005689308275078286,0.0011791104774842714,0.0011392035613490682,3.988833017490673e-07,1.0,0.0
IE,2008,0.2998294873072996,0.0015044154558976953,0.10865704048308512,0.20788072693839352,0.013286119869836382,0.0022232280148035293,0.014218958834398726,0.06413707147494879,0.004765222192691928,0.0017271708679594214,0.00046851469980101586,0.000502944998452566,0.0023794618705013835,0.0031191702884353105,0.007439172837202787,0.001732439629670137,0.005390533269937879,0.002096222891477049,0.0009685139785700614,0.0,1.0,0.0
IE,2009,0.3208980269892463,0.0015082899857190625,0.10468800246638453,0.2007725209063504,0.01374657662335128,0.002159936813604978,0.013980217337579674,0.06207889467287563,0.004602580154178449,0.0017052204863884468,0.00045254453703470857,0.0004859730299820047,0.0022967308961475696,0.003018884494088939,0.0071893221679258735,0.001673188912993185,0.0054352080622706135,0.002024785743786659,0.0009352788947733218,0.0,1.0,0.0
IE,2010,0.28709572525883487,0.0012660784874256583,0.08815181645688025,0.1835089746478636,0.009898960450364957,0.0031514376022270356,0.013612703719111502,0.16587799050114288,0.0036476986847707228,0.0011969380131766328,0.0006293114666876742,0.00036407450274973565,0.0019686733346625297,0.0018327483335030387,0.006218215281923632,0.001761618980380854,0.004408664514233095,0.001680034949665927,0.0006766394295973322,0.0,1.0,0.0
IE,2011,0.29142881972038887,0.00126225349297906,0.08424549494128276,0.17227379278702468,0.011404800410998254,0.001087242643178507,0.010281989220144918,0.18686517003748312,0.003722721458596036,0.0012115289713155442,0.0008457517476244776,0.00029382849249002217,0.0020768218377170563,0.0010430186857082909,0.005716266331055649,0.0016526605339257806,0.004508613362775784,0.001268483511888564,0.0011999988479393293,0.0,1.0,0.0
IE,2012,0.2981719072757459,0.0011871725748575103,0.08763165505007063,0.17950109333241254,0.010785518501769913,0.002420157098493721,0.009148574313948854,0.18295985665966305,0.0036587048648290626,0.0014479331007507153,0.0007770595561201789,0.00028412547616849703,0.002450799425899313,0.001217224790409749,0.005508368987379682,0.0016829883007869618,0.004501236728923849,0.0013344275612841047,0.0009991122235509038,0.0,1.0,0.0
IE,2013,0.3077366029881097,0.0013043220078463955,0.08987773659801045,0.15862656208907955,0.0138655847955194,0.0038756166680472457,0.011518640518934435,0.18389949538058945,0.003846622700479007,0.0016958566263894214,0.0005873921566122697,0.000396251337329983,0.0029835973316818106,0.0019338077434268345,0.005320486296376903,0.0032499104792803064,0.004463109451571483,0.0014598529755216194,0.0014347157020660555,0.0,1.0,0.0
IE,2014,0.30084159963138485,0.00129147739137416,0.09915805933317057,0.15663994514004698,0.01821255300085952,0.004384079036836049,0.012131277485172993,0.1899116333145401,0.003649405665083877,0.0015884579097325147,0.0003804041808252978,0.0004256123702803527,0.0027714818311193098,0.0018157130677944047,0.005129786625296042,0.002970955738032212,0.004301119930197115,0.0013533439027143058,0.0013699893578927901,0.0,1.0,0.0
IE,2015,0.2964397780598085,0.001172759262936654,0.09909783805038895,0.15791795143047768,0.019917913822583334,0.004023641663806564,0.012776102220223401,0.1924814311284246,0.0038189112028587918,0.0020662765955525783,0.0004695715884972977,0.0005841445827680238,0.002866702344695463,0.002084339464902048,0.004822843223279532,0.003052079450025104,0.004364220419604866,0.0013637164413944232,0.001348058628854913,0.0,1.0,0.0
IE,2016,0.2846223565740976,0.0011470641636044231,0.09457742967803978,0.15760646579608778,0.018909528885028514,0.0040319164693109815,0.012676075282172981,0.21689918310539272,0.0031507858093119123,0.001735357529341472,0.00043617762063303926,0.0006632741054752137,0.002820677670375213,0.0024299625686442167,0.0048971351234933765,0.002962228260932172,0.004342443706112664,0.0015938876694076315,0.0018284685040176921,0.0,1.0,0.0
IE,2017,0.28673150234680994,0.0011076796825278225,0.09439741536923503,0.14106337559853047,0.021456269077880584,0.004599558003042992,0.011930780203626526,0.242096479104201,0.0029379807504706775,0.0015665923329303251,0.0005127635230560405,0.0003394831047823013,0.0027283342548638646,0.0023042641306963564,0.004959588888392659,0.002871058127056631,0.0045717761037493,0.0012938779081471889,0.0019061689033573763,0.0,1.0,0.0
IE,2018,0.2922894960543381,0.001182099212179586,0.0953352634471464,0.11958720781581508,0.024005063780607672,0.004878789487381049,0.01215213557920135,0.25326352787538037,0.002641151349931495,0.0014906714236874222,0.0005677543470614694,0.0005242710773108013,0.002857977200129812,0.0019126958251984598,0.0052969747379577855,0.003125891188930795,0.004405425697111355,0.0016725971706959047,0.002068095867332383,0.0,1.0,0.0
IE,2019,0.2886489895669906,0.0012381624270916937,0.09529509555018724,0.1078614680085156,0.025218531516825803,0.006511925421537447,0.012211483491685568,0.263417548560384,0.002946493377376114,0.0019323664156251537,0.0006756495206045608,0.0003164759333695756,0.002671594952152065,0.002324776471065565,0.006368591651077572,0.0030287280030530874,0.0044876577502418365,0.001494118252630631,0.0017104827426266793,0.0,1.0,0.0
IE,2020,0.35304341317328153,0.0008479714679294539,0.11179090262190797,0.11971945525199364,0.03066418505959144,0.007801554193506703,0.015857806764344312,0.13122277535265844,0.0035214292822721995,0.0025635665311185547,0.0012074804209838814,0.0003578148705291963,0.00438854080258672,0.0023263141236474828,0.008464005914060576,0.003735846997378178,0.005612367579864059,0.0017577977390426562,0.0014723540739913369,0.0,1.0,0.0
IE,2021,0.35000202539398634,0.0009463995356346357,0.1135031876164429,0.13764408720410048,0.027645821803187746,0.009831218588821161,0.014815471876895055,0.12708127013393936,0.0030898434841727354,0.002449001788775503,0.0009391769063550232,0.00039668810783427777,0.0030427892596755816,0.001937194284945934,0.00758906537346169,0.0037760765923201163,0.005666195821122849,0.001615661548139532,0.0015836641398105688,0.0,1.0,0.0
IS,2008,0.21181131059205138,0.00014742745818211762,0.3600917266113977,0.03309573919638445,0.059690168175776,0.0459907799572716,0.011374574305115508,0.17700743682147432,0.00044098757631912767,0.0005653542133833202,0.028213359770986823,0.0005584884032077973,0.0009078705891247551,0.002652624929818847,0.000991569367024379,0.00011370303371974483,0.0003831155873654083,0.0005866270300977443,0.00024531673883876565,0.0,1.0,0.79972
IS,2009,0.24285844964099623,0.0001808263525214802,0.34840206492783776,0.03248457817614011,0.06225601610667561,0.03709537573739829,0.010279594684833363,0.1528000402284063,0.000516731418477155,0.0005923900855355951,0.029942471204120018,0.0006909017475889721,0.0009739576903748788,0.0030570231633605294,0.001151024378754292,0.00014356817234960885,0.0004300121579740024,0.0009013840518612371,0.0002922750097401086,0.0,1.0,0.69803
IS,2010,0.23285416864946215,0.00021979996965212884,0.34707565094759935,0.03647880771853379,0.06255296667344888,0.030047161664527842,0.008627007892759414,0.17029394058577343,0.0005338837947230211,0.0005575291428544513,0.027906021252037314,0.0006346586419991372,0.0009110169320440862,0.0028356542687758956,0.0011216891942480301,0.00017913218668943735,0.0004230006810493028,0.0006622422164061529,0.0003021337982703372,0.0,1.0,0.82734
IS,2011,0.2367953183499942,0.0002181583418855519,0.33798451193689005,0.0353905357790688,0.061433198348764484,0.027081975961743783,0.008417949761882444,0.1801635024974848,0.0005307255642532276,0.0005427539830144935,0.025255410257117486,0.0006823031749866688,0.0008466745954980251,0.0026901795339467805,0.0011027804675562986,0.0001551825846633677,0.00045574447430972307,0.0006912854203746337,0.00029037029093509977,0.0,1.0,0.708
IS,2012,0.22771084373670483,0.00028224154326707675,0.3424774810958793,0.03361608450157239,0.05671699937303814,0.02659535159792484,0.008868386458702651,0.19696482182424874,0.000595648412600878,0.000535943236178869,0.020757899105697277,0.0006613509422796606,0.0008724752026418391,0.002653077477000021,0.0011557059461603722,0.0001679195017576192,0.00045154871349253444,0.00074613289689067,0.00027455157137686606,0.0,1.0,0.62223
IS,2013,0.21453757003437254,0.00022076839605319538,0.32672117804901263,0.0319066410728838,0.05642960305746886,0.02436259804717204,0.00843813628971949,0.23796656033134683,0.000597663544367977,0.0005698133942382215,0.017629137258502375,0.0005971021770258077,0.0008014060187466564,0.0026443555690062108,0.001064161471489082,0.00015561202671639243,0.00040173579202064255,0.0007453903310980732,0.0002647399501518349,0.0,1.0,0.5175
IS,2014,0.21544740322966346,0.00024136082057385868,0.3170478672555073,0.03366021090632467,0.05355090281418098,0.02760373447383688,0.00877084599882651,0.24440511594264458,0.0006539125618883497,0.0005373575791482062,0.015016842719319986,0.0007184568276428003,0.0008041090161522895,0.002845913696109641,0.0010324656129016782,0.0001553660165703546,0.00040016984202669075,0.0010961701898634202,0.0002558012211494697,0.0,1.0,0.69449
IS,2015,0.19648449926455963,0.0002094554229186498,0.3018021176664912,0.0273431700145334,0.04754087589434853,0.025861279585109184,0.008519152850548039,0.301333504886138,0.0006563323216209735,0.0004547678980518993,0.011569684092429216,0.0006756456458143915,0.0007383770249368816,0.0028029573344081496,0.0010341536803346485,0.000130711202380434,0.00038088015381495367,0.0004894660888436948,0.00026018349720591824,0.0,1.0,0.61183
IS,2016,0.18020923484509677,0.0002568156337583273,0.2774103600281982,0.0229911023599435,0.04309289921224767,0.027802043979788825,0.009481877822375076,0.34990504880343715,0.00067229772069866,0.00043081751460796855,0.009184717014412501,0.000842541981939109,0.0007567046378583497,0.003327490185156469,0.0010072331372334986,0.0001433359125212745,0.0003454762017280584,0.00034037025691379904,0.000262234835715192,0.0,1.0,0.58851
IS,2017,0.16374663937450115,0.0003004610370180088,0.2680285847283041,0.021384013244727437,0.040390243989748525,0.028330055741114458,0.009698017590221715,0.3828271373153859,0.0007086850975219443,0.0004240011760275622,0.007432864782723471,0.0009030677813265926,0.0007353186640049571,0.0036319580093248857,0.0009114479360157686,0.00011866501876427585,0.00030164143307855274,0.000293936930708837,0.00022681962948747138,0.0,1.0,0.61178
IS,2018,0.13545442004580044,0.00027730331143190946,0.22388466314691785,0.01880124491753759,0.03555580338170781,0.02073458411021627,0.00816247258981816,0.4861741225133107,0.000599561892572455,0.0003796639530316905,0.005201464874887811,0.0007924699560832883,0.0006372377696485175,0.00329165349985714,0.0013084410213471465,0.0001231682422283389,0.00026179712385014414,0.00029143235944223677,0.00019398973396513212,0.0,1.0,0.50738
IS,2019,0.1604667853633181,0.00040018074671446715,0.2781282651248929,0.023789469031221158,0.0374361233372412,0.027107978538865898,0.010391383153902303,0.38009857738486075,0.0007434941986892142,0.0004192359840031944,0.005087754150597498,0.0008948897055539798,0.0006844945252594373,0.0041205992128788595,0.0010950686865854947,0.00013067483160004062,0.0002859077509308119,0.0005675082514279041,0.0002353584006613596,0.0,1.0,0.56461
IS,2020,0.21598314764829016,0.0006177141330048279,0.3700976734323214,0.03393578735298942,0.05602895229709014,0.023828849640350067,0.012715071252627422,0.18763283475845693,0.0008591339156323806,0.00045200857975216,0.006056543856801454,0.0010441905859039596,0.0008278248227035158,0.005060230141764089,0.0012498607619580455,0.00017685808677704798,0.000402329052117853,0.0006445939540957857,0.0002583638304481988,0.0,1.0,0.4543
IS,2021,0.21542251668714152,0.0008086273585309377,0.3814083708806769,0.0336458530301099,0.055098627952059984,0.02033032958728499,0.012080333252814438,0.17782963397880258,0.0008803740239013212,0.0004895775901609199,0.005325191891118229,0.0010810728723789043,0.0009673923362555263,0.005156746627401794,0.0012772383474870669,0.0002264801956286082,0.00038779156175618846,0.0005099019133459536,0.00026368887845269165,0.0,1.0,0.4318
IT,2008,0.07436064919768795,0.005949596017919603,0.255484467906936,0.236402488138755,0.049960744726047175,0.010731225075422039,0.02835212072440173,0.08786383626481895,0.006557128990318017,0.000815452510078841,0.0011431532170586007,0.0011598681484189326,0.004035675841193479,0.0025825394442187165,0.003560439474278477,0.0018220796086423504,0.006264484112144556,0.0013493107077994567,0.0016534013866212763,0.0,1.0,0.0
IT,2009,0.08198118099590859,0.005620766784118245,0.22951166335172993,0.2250173401223967,0.05441808277268675,0.011325685602533117,0.03212255660435804,0.08323438356166982,0.0074685396290699434,0.0008946825257191717,0.0012918570931603893,0.0013048515699767827,0.0034033922236639167,0.002746366286119065,0.0041554812454928985,0.002086448695820324,0.006817980621461101,0.001519671285625817,0.001883600826685356,0.0,1.0,0.0
IT,2010,0.07733497167325747,0.005391003297038847,0.235510434331481,0.22461811973057103,0.056743268810578666,0.010802157921552862,0.0314640306636077,0.08580356704469719,0.0068506616095858125,0.0008033416859042817,0.0011664242503944195,0.0011976746026203632,0.003038074764022274,0.002513396585394633,0.0039014075616687115,0.002256289470392622,0.007460725170242192,0.0014127471365843333,0.0017013283612042397,0.0,1.0,0.0
IT,2011,0.0801790287851026,0.008830299849260584,0.23573285432737334,0.22540452575047173,0.05317278735855633,0.012224130895429513,0.03205767016718157,0.08418535168525079,0.0059522347944161785,0.0007324232158281397,0.0010647672927037658,0.001079851487557377,0.0030803690018850528,0.0024187872470440557,0.0036067457029222787,0.002245338745508909,0.007290115912297524,0.0013099370631962806,0.0015370888176421645,0.0,1.0,0.0
IT,2012,0.08326503340344324,0.008699498296816958,0.22634267155475277,0.22759527324800527,0.055767998984955776,0.01188086588491224,0.03315090018583603,0.08417757111103234,0.005789069272485032,0.0007202960487751605,0.001064777912786106,0.001059333303082894,0.0030495798715032213,0.0023838730754463435,0.0033975772636759822,0.0022415728031794833,0.007915458071852725,0.0012539827936017811,0.0015386314478333112,0.0,1.0,0.0
IT,2013,0.08795239900926563,0.010031093408656145,0.2096802036218894,0.21276678430505697,0.05711920910178687,0.012411965362474403,0.03640020125688454,0.08954186121111561,0.006280539300664402,0.0007501330490875206,0.001132063907715512,0.0011665522843054576,0.0030753047034594713,0.0025047863736263136,0.004274298902420764,0.0023542602840233933,0.008097906080715834,0.0013899308858323944,0.00162392502960181,0.0,1.0,0.0
IT,2014,0.09202432144151838,0.008110139765164726,0.2065533474366551,0.206018518948013,0.06000388686691475,0.013540922961020087,0.03863495576383496,0.09140452707519418,0.005472840201538461,0.0007085848393579281,0.0010361782247728152,0.001072715028383258,0.0028318961669167282,0.0025039479500634128,0.004425514581461414,0.0024912864267127555,0.008386912350094705,0.0013483066476097628,0.001550907273041886,0.0,1.0,0.0
IT,2015,0.09034645892588547,0.007946020163180809,0.20886328287593828,0.20989473313877435,0.059103681989889426,0.01316847906193992,0.03578610910246006,0.08466161933393523,0.0061524104116702704,0.0007229422570963653,0.0012874347177080515,0.0010987564062281212,0.0028814642440042233,0.0025181011024943563,0.0038838074298986223,0.0021782418196939508,0.007255923992545929,0.0013461824483748774,0.0016458182505762848,0.0,1.0,0.0
IT,2016,0.09307224184947732,0.006696195174352607,0.205109237155024,0.21010164491429917,0.059235284758295474,0.01290395226991504,0.036138986009414724,0.08491715162169998,0.00595458526535903,0.0007185652551263943,0.001294233163859718,0.0010721698864976945,0.002828987417403419,0.002508492676176665,0.0044616062666661405,0.002406480362123888,0.008594361144323685,0.0014473274834935915,0.001611775134158462,0.0,1.0,0.0
IT,2017,0.09244317553046984,0.006834912947544097,0.20174329133134902,0.21238102764642044,0.05916013818152615,0.012648477587233491,0.03597779249384678,0.09272672247504125,0.006041527439900001,0.0007264554810714257,0.0013409444572374085,0.0010730107813992104,0.002786238995391914,0.0025133398275739315,0.0038208152670959894,0.002252200332966137,0.008426355796684236,0.001476220743444725,0.0016191121188307157,0.0,1.0,0.0
IT,2018,0.09400951380306884,0.007553814527098615,0.2069056090587699,0.19527721738012147,0.06072065448283971,0.013118244478100767,0.036925808603342165,0.09480830912306923,0.006770691611438097,0.0007947764783337373,0.0014089961848874604,0.0011696365628058537,0.0030576754398779884,0.0027430225092006403,0.0037939078263273017,0.002118018506531375,0.008494347465503352,0.0015872308694134028,0.0018023372806857995,0.0,1.0,0.0
IT,2019,0.0948418375798263,0.007179128095587411,0.2006774642496017,0.1892474485212317,0.061588670227869784,0.013634614126144997,0.0366910295663837,0.10179032700993311,0.006578873654204892,0.0007985505356553781,0.001495809554801207,0.001155513718057688,0.003111270972342284,0.0028090880624522326,0.004174339237969964,0.0022841027389231233,0.009149440527615191,0.0016103361441066845,0.0018020915946924242,0.0,1.0,0.0
IT,2020,0.10837498611433162,0.007676153769263228,0.200056507583561,0.18857981202182056,0.0697591252877219,0.012237886803986162,0.035821675278126956,0.08764215236605227,0.006251374140707682,0.0007792056123514354,0.0013866961548976468,0.0010011967811553583,0.0031705170696890543,0.002669834950986355,0.0055992904513600976,0.002458259259211989,0.01124527404141397,0.0014571364001850274,0.00162473295140817,0.0,1.0,0.0
IT,2021,0.09895439601192368,0.007670685639829836,0.20670699320449293,0.1812841250706171,0.06385678680779398,0.018574668128625883,0.03586807838712475,0.09441186843675335,0.006626561268251107,0.0008450160643869788,0.0016008768474930007,0.0011439270377896719,0.0032300358112062754,0.0031361850221261894,0.003859835809068238,0.0023702953743765715,0.009196136147398696,0.0014938231354246565,0.001846976128942659,0.0,1.0,0.0
LT,2008,0.16711349122390878,0.0006760674656667151,0.31134021667488976,0.11995756981871526,0.05844271480489618,0.004569009615472592,0.0059537221280119715,0.1385396462805606,0.0005582994681312587,0.00041736537496468305,0.00033194861845073966,0.0004632081500165962,0.0008618406158945365,0.0008472730772177066,0.0020959871346437923,0.0021146548672376347,0.0015281363477347536,0.00032538830818352007,0.000489211200629602,5.096446236674756e-05,1.0,0.0
LT,2009,0.20652142879042037,0.0006717253511165498,0.233465606197203,0.15195413292000426,0.07029135091643088,0.0037130290284353006,0.00680854238200252,0.12527483336059084,0.0007438666160284728,0.0005279811996552971,0.0005226591500816041,0.0006273112897160193,0.001029009024965703,0.0009882257872425046,0.002765694154588513,0.0028381785459768625,0.0023020096881832403,0.0004936857801202613,0.0006718330267890685,2.9448578596058973e-05,1.0,0.0
LT,2010,0.19422212836561256,0.0006491539058052849,0.22216729602092386,0.1753178535413763,0.06616304489800788,0.003606517723897776,0.006430409901867645,0.12607526845178638,0.0007452891427832631,0.000527538859500755,0.0004986781947713413,0.0006126441737264376,0.0010880029621849422,0.0010694008403552364,0.003036966982320697,0.0029956954630749153,0.002143675398870003,0.00047617601956107105,0.0006467197438578717,3.305470553631403e-05,1.0,0.0
LT,2011,0.1915211869765942,0.0006407706482829492,0.27820383338270077,0.13237601641236207,0.06094495360116235,0.003280173685417852,0.007205992080180341,0.12890666566128017,0.0007880606090212819,0.000625402959977694,0.0004700898217216794,0.0006577938720964989,0.001355039103941509,0.0011054015730296855,0.0028857012192497165,0.0030858603465464102,0.002228805809358418,0.00046721191488699666,0.0007161437866419463,4.942827482256535e-05,1.0,0.0
LT,2012,0.1958907614381198,0.0005903682886933783,0.27431877548895706,0.139144362987547,0.05943879472699762,0.00325039502214271,0.007265591650856213,0.12291421262191987,0.0006779174240119108,0.0005748727196820321,0.00040849158407070616,0.0006012091883871741,0.0010685969529699946,0.0008360944975521607,0.0023368839419761656,0.002525685855185904,0.001812033282771993,0.0004394929325004565,0.0005779983805426521,5.30086045423145e-05,1.0,0.0
LT,2013,0.20617127827396745,0.0005616945584274982,0.26254644262937077,0.11998288555861777,0.061089294698540464,0.003709638840507059,0.00983631676586712,0.12890418651763774,0.0007179405987093391,0.0005460252305276326,0.00040257208104137524,0.0008989405033263653,0.0012251931608377883,0.0011503538844896788,0.0030004606598715232,0.0026485902751463035,0.0020338446860717575,0.0005836877885404341,0.0006546097329135773,4.4823701752291545e-05,1.0,0.0
LT,2014,0.2162732565255499,0.0009052752379235375,0.2777604612924194,0.09985026861115659,0.055359988518368416,0.00963710617830447,0.015037669900457564,0.1375797924645963,0.0007436052902962517,0.0006182802773188828,0.00043125778349814364,0.0018825358895197997,0.003312959228305471,0.001426910226429663,0.004334126582667919,0.004956896782561812,0.0023182691922251134,0.0008924379089864123,0.0007664503410883798,3.894670664074371e-05,1.0,0.0
LT,2015,0.21289802668555244,0.0008699179240518829,0.2826054990843908,0.09296726130314048,0.05089063768996512,0.010373669336497434,0.018069928188043833,0.1518416834382264,0.0006299850155999674,0.0005784962070356247,0.0005749113198454344,0.002721469945580984,0.0015972531029347042,0.0026833101130088496,0.005827505671833363,0.0021020833433928587,0.001985073633557685,0.000736353469786228,0.0006212918216719804,1.644637877200822e-05,1.0,0.0
LT,2016,0.2138550019459748,0.0008166902278041987,0.2485560834271136,0.08130222506323412,0.04926255100357204,0.007675004644629454,0.023192428629208787,0.16564128877767317,0.0007828086676941742,0.0013464212255306443,0.0009798975295941135,0.0038653105639304347,0.0019328721642543922,0.0034999677398346806,0.006123713828275044,0.0023545048511536175,0.0023435673482870693,0.0010016115632032329,0.0009357874812399432,2.1557976664500332e-05,1.0,0.0
LT,2017,0.20853263927890206,0.0008237191174517852,0.23901843952446533,0.06583962150208408,0.04854126232356251,0.007610403879329878,0.022007784203703702,0.19819857648189446,0.0007834562977994691,0.0013860655185169934,0.001167269172997807,0.003997073820423174,0.001949593880683979,0.003641055188100822,0.006236690967173878,0.002366431381631876,0.002407128797487125,0.0010214463327662478,0.0009646817430041829,2.452130004311581e-05,1.0,0.0
LT,2018,0.19618275121752804,0.0008730033764774519,0.21880131957859472,0.06131204004576963,0.04244336172626883,0.007258411261551552,0.017553967139644994,0.24539263156048943,0.0008953418946487423,0.0017296369863504175,0.0010859718418144682,0.0019787241371832876,0.002314011634770118,0.004430279494642786,0.006607485369619231,0.0024944435627706897,0.0026584530125313673,0.0010998495817407434,0.0011258947372529374,2.834540155945355e-05,1.0,0.0
LT,2019,0.19305117302103691,0.0009528480064323528,0.22342231734481768,0.053127646534255016,0.04109873833557156,0.007141803304270669,0.015406147957870434,0.25568926125158775,0.0008569507785220378,0.002010969902477433,0.001248787994376319,0.0018891259350977587,0.0021211497895707587,0.0044979158645029995,0.0057284845588926984,0.0019611193098387487,0.002413993099623529,0.0010905547721031157,0.0010275729054746773,1.2497463854800389e-05,1.0,0.0
LT,2020,0.1836050011389183,0.000745524439542037,0.20457308356791964,0.06235854194317279,0.03733457216619205,0.006669261592818288,0.011001331982640826,0.31030893639826285,0.0005749439871664097,0.0012972095695260755,0.0012340431054646626,0.0008663642722460755,0.0013816643616194405,0.0028461095472023675,0.0037029549340086626,0.0015004158674157722,0.0014829218671448786,0.0006200832611081528,0.0006312895477553968,9.815446460319991e-06,1.0,0.0
LT,2021,0.18520741418370457,0.00047913362933428414,0.20153534056005398,0.07195534195690446,0.03757291884188284,0.003719187287476732,0.007974677689563366,0.29861288042805295,0.0014763686870652485,0.0008033856086144237,0.0011619635759531261,0.00016795779620817382,0.0010291810546609857,0.001378517367352989,0.0016447837066271192,0.000159692434906083,0.0003819780842906935,0.0007461310842126342,0.0003619143725356048,0.0008094134469344146,1.0,0.0
LU,2008,0.07010070497028663,0.00048667234151979406,0.1740276856547189,0.11822667957991155,0.01389301971351656,0.017327704408960268,0.01876908097178211,0.35978688880403253,0.002144600298346595,0.004470174866513671,0.024543778378234415,0.0005658384515203459,0.0018782309904478557,0.002189238295677188,0.002216894755643248,0.002240820807137021,0.0036084215578555973,0.0014700810692504305,0.000524834839988908,0.0,1.0,0.0
LU,2009,0.07129001554622776,0.00042935702665823573,0.15686619821593198,0.13339415126134402,0.013707450337182823,0.015907048744501308,0.018414278144770143,0.37492264655447965,0.0021406160698474513,0.0054178442579679974,0.01805782463593624,0.0006089020859055047,0.0017816693259641238,0.0021598727633186147,0.002049641912663312,0.0025026186705304006,0.0038485226191104036,0.001268595863820251,0.0005267489280772704,0.0,1.0,0.0
LU,2010,0.07143578456323223,0.000444468689480499,0.16458908451123322,0.13659237467299146,0.012561958918586151,0.017374906130001422,0.024776020177946743,0.3471063010031373,0.002430641255278342,0.007645176193600758,0.01938432185623097,0.0008196594386723785,0.002045172098566907,0.0031741779495844894,0.0031732838286939965,0.0035406111928829023,0.0044577467351837805,0.002331279831041659,0.0008321248579246385,0.0,1.0,0.0
LU,2011,0.07455457211440192,0.00032257981841102165,0.17220125635376182,0.12618548698290855,0.013280175575854607,0.018256144176842112,0.02263931621457208,0.35390769976203534,0.0024010977424860315,0.007132094639214057,0.01280325355540062,0.0015751097568012479,0.0025340779908812647,0.003920524121030655,0.00276036068075149,0.0022930363642202343,0.003980886110444361,0.0018236074189905253,0.0009753231947879315,0.0,1.0,0.0
LU,2012,0.07452328421303665,0.0005000751254385991,0.16507458376321743,0.12979526242558662,0.0126252480532173,0.016271937644985225,0.023944871117833652,0.3450306250690648,0.0033389010513493744,0.0046063996432027885,0.019161964415848783,0.00277002973881895,0.003568381168454985,0.004016544612952988,0.003252488294570846,0.0038979044228060256,0.0047918985764295935,0.002380573659099847,0.0009705556071359463,0.0,1.0,0.0
LU,2013,0.07782065505598579,0.0006303534032467518,0.15985385199146251,0.09093687997338677,0.013006760457565289,0.015625544330493492,0.02996870790100664,0.37442131277669904,0.0035846921668350054,0.004788505442965084,0.018189196219564642,0.0033168134071854334,0.00442999846178389,0.004179763251555518,0.004128830177908877,0.00438787670590624,0.005372670236357803,0.0014160802276876538,0.0011655874779259565,0.0,1.0,0.0
LU,2014,0.07810414806859446,0.0006977441404213465,0.1614688852720657,0.08479796362528537,0.013759335114320722,0.016765483902249613,0.020664791987574205,0.40868002689472394,0.0024834470399911226,0.003955657451816137,0.012262316763619828,0.002819889536999748,0.0037122481896307356,0.006207852499262093,0.0029642616322888564,0.0032648829572058855,0.004753834616108825,0.0021750590391473386,0.0009233874025229759,0.0,1.0,0.0
LU,2015,0.07133337168324033,0.0008870476274132354,0.14260027957993676,0.05403755917818481,0.011376559617022976,0.017448039678018615,0.023885975642398072,0.4633480112402254,0.003013119216717879,0.004308229597622307,0.012888224162361293,0.002818581275478788,0.004240721341194997,0.005111191556622987,0.002802555868887432,0.00448902527554739,0.005418937346001659,0.0018449489310401357,0.0011961155587434016,0.0,1.0,0.0
LU,2016,0.07484712089313746,0.000744059770053584,0.14609987554309237,0.03282646780144855,0.011155173225286008,0.016194696033701328,0.02126154976612154,0.466400755140842,0.003397751967186822,0.00409755505173133,0.01578966051338883,0.002806109268568619,0.00394724841011113,0.005361868371362289,0.003431992404090679,0.005919071028739102,0.00639058451629759,0.0019348809459471235,0.0015510154959893431,0.0,1.0,0.0
LU,2017,0.07445710361756058,0.0005951810675233883,0.14545231783669382,0.032516902958207076,0.011056537674728832,0.016116222540258726,0.020988839697341628,0.4672606228662433,0.0035718530448967706,0.0038477965395204,0.01846684478809881,0.0030118133392777763,0.004738219355566951,0.004137191343153029,0.004620613305601808,0.0016773697477151838,0.005744821452322003,0.0023087168994433685,0.0010999753077624095,0.0,1.0,0.0
LU,2018,0.07416099861479561,0.0006329561565396096,0.14645950981416386,0.030203317336181208,0.01078206712485922,0.01565105437567155,0.018869617914799578,0.4755428595030306,0.0037856626283860975,0.0036367108576437386,0.020510506772896887,0.0028727003974314226,0.009346473056677341,0.003993308437374879,0.004407653108858421,0.0017008835359726803,0.005963818491747506,0.002576771593079872,0.0009842406114976474,0.0,1.0,0.0
LU,2019,0.06981188003824042,0.0006424034942986397,0.14301377034871915,0.02897634171893909,0.01033826104960363,0.015592589875962614,0.02111539569005011,0.5007805759195499,0.0037577649406388574,0.004369072333548882,0.022954268661913493,0.0031583598406156013,0.004910617971246195,0.005990338629436806,0.004963976712541859,0.001738210899523089,0.006938082159902441,0.002649671204169458,0.0010913037879772905,0.0,1.0,0.0
LU,2020,0.07779548164572804,0.0006252328097732431,0.13907860462516605,0.030207815712282766,0.010340792406283028,0.01857012718218287,0.017252215568560627,0.49041820239639017,0.0016190327227645009,0.0040302373676693185,0.013821799820210553,0.0015567529675545883,0.007784884635661826,0.006974681864304431,0.002138467257436682,0.0033653285317283626,0.00463348657551811,0.0013420245523405264,0.0008861450805479543,0.0,1.0,0.0
LU,2021,0.07747539450261341,0.0007149734814277357,0.1330773487714961,0.03072929580109026,0.010478816320143159,0.014063448926092232,0.017976589480027186,0.4845769342092318,0.002245045963141348,0.001768805127533111,0.028790774589090486,0.0015287754653254741,0.005083006577253678,0.0033366245437314837,0.005202091728778586,0.0018812335141288876,0.006509971438992965,0.0015387512187443322,0.0007544437244002322,0.0,1.0,0.0
LV,2008,0.17261686406170795,0.003380117606320027,0.11504034522330665,0.15365130757212203,0.04974477072207362,0.029648778080556833,0.04559601879561237,0.24002953218041095,0.0027442654930410816,0.0020229003233062167,0.0010843186434372253,0.005860569634873762,0.005415114219083621,0.0064750669704068484,0.011744440986423185,0.0044519755166566085,0.00478743050266241,0.0034081732878534013,0.0012811700427856512,0.0,1.0,0.0
LV,2009,0.18968338940009666,0.00266496036079635,0.1037891129773322,0.16342108103931668,0.05604853464874227,0.021414216199285407,0.030306280680960095,0.21403495705606193,0.0015319519040949017,0.001731617154243253,0.0008589994099430794,0.009554712999888674,0.003195161816392828,0.005409902937523014,0.010195639481518994,0.003913185051994559,0.004288948912231751,0.002050339528734567,0.0008290795231293434,0.0,1.0,0.0
LV,2010,0.1786464725028681,0.002507092518038878,0.1299309352226046,0.17581431994966198,0.04994367726706414,0.018711850393584757,0.027527446110822956,0.21428376412409406,0.0016933071527350048,0.0020604388687664875,0.0008209847229846258,0.009842363753909006,0.003060761893025336,0.004186442709606047,0.01091742510043745,0.003233200488064861,0.005768721278601971,0.0012961284285585573,0.0007118621695776714,0.0,1.0,0.0
LV,2011,0.19510447516927476,0.003299771419838041,0.12561526078369425,0.17194382486286885,0.05232483342139478,0.02100587464498545,0.022524366089936413,0.207878355539547,0.0013259012128777978,0.0013990557431800743,0.0005062833245640735,0.009545940183746014,0.0022314877746417144,0.006374424272713896,0.010491186542997872,0.0021529895364185403,0.004429585115739279,0.0008640607851453173,0.004825622482041447,0.0,1.0,0.0
LV,2012,0.20145690545084552,0.003136700979819645,0.1339499736598901,0.16077452703021772,0.04843278604493214,0.022118074225557345,0.024255851092055677,0.20822470830966816,0.0010506864007714114,0.001111250486192592,0.0005689812585041871,0.008012666253830084,0.003084086373667347,0.005963301378976485,0.009659174533590269,0.00199002074270056,0.003971310576606428,0.0009279574534109903,0.004806792275121381,0.0,1.0,0.0
LV,2013,0.20928920409929921,0.0047488280819654935,0.11783030887523399,0.17071510362055786,0.0480410290259024,0.019261974400791547,0.024277909356252243,0.20179353079345552,0.0015173536261956035,0.0012656907574698658,0.0005496164134173425,0.009796706001466505,0.0027529120390279984,0.00577035805311209,0.008591192295985416,0.001892080740635206,0.0043574250801490105,0.001096036546190212,0.0007943526294686379,0.0,1.0,0.0
LV,2014,0.21267992638827815,0.003737592357774093,0.11426205378721306,0.15092377034937368,0.04739609056493387,0.018471781702773568,0.02087236517362814,0.21564513052974504,0.0016636977632330486,0.0007150578311670915,0.00046387924333213314,0.00963238793114622,0.0021110371515578354,0.0049823096316411585,0.00881916056667274,0.0016969362921572763,0.004392496716654033,0.0007033019906592246,0.0007036601435062385,0.0,1.0,0.00093
LV,2015,0.2137098537527482,0.0034004552097851855,0.10130735721778221,0.15261201816899234,0.0427917327920124,0.020290327491800007,0.025047523853859128,0.23326637370010422,0.0018948190128018066,0.0009709454788194331,0.0005353504278163306,0.009782328183201034,0.0025023198444710285,0.0052525702833859855,0.008773885250710566,0.0014797619730870923,0.0040802804694362255,0.0008678171979801037,0.0008260007818366219,0.0,1.0,0.00095
LV,2016,0.21980885506762324,0.004075984860378798,0.08870427259106664,0.16109261301452307,0.044256865474600296,0.01812017590761787,0.024358530872530315,0.22496163363270474,0.001500366583803818,0.0010252914512413128,0.0005805430783627735,0.010753274545422641,0.00309185992991759,0.0047534400022003365,0.009300515020487,0.0016829256756502084,0.004108082019869805,0.0008361658142031462,0.0009658806769336615,0.0,1.0,0.00089
LV,2017,0.2194429891584793,0.0030679641216290656,0.09793432303318042,0.13690632672381672,0.04132822393453882,0.017794871207533314,0.02654393522674025,0.23800639457029657,0.0015282081458837988,0.0008362061985144864,0.0004822372527833157,0.009896714791832534,0.003541467927007228,0.003914349156150049,0.008830852234671924,0.001346853129578318,0.0039075729421469245,0.0008226232126096899,0.0010303741416813421,0.0,1.0,0.00084
LV,2018,0.20460567988571485,0.0039128723246925345,0.11032765524460551,0.15471325176165768,0.03941431687446426,0.017282508525884952,0.020563526344952024,0.23271774202678616,0.0011147976926150025,0.0007936823971383248,0.0009389592453414143,0.011877328468276369,0.0026997195983482192,0.003987834187808257,0.009604358336910847,0.00146598367873097,0.0032640355920907182,0.0008548857138660177,0.0009373204560680917,0.0,1.0,0.00076
LV,2019,0.2172607100795925,0.003576138807360494,0.10604136150648195,0.1495222317072644,0.03990699911690947,0.017783883494695688,0.019690806062109868,0.2353698168530619,0.0012012442797912234,0.0010851173330612299,0.0005739218063556971,0.007989528986204638,0.002752700462768132,0.004644390856692603,0.010511899772746743,0.0020151095708678844,0.0052395037967164,0.0011375748134787244,0.0008212404867835271,0.0,1.0,0.0
LV,2020,0.24975201953580708,0.00494131711641459,0.11266220431044799,0.12895375357797317,0.04556367765384741,0.017923259404292832,0.027586921183239223,0.17928973978257193,0.0012100728304802134,0.0008372119262198886,0.0004956111893017449,0.008513953914376616,0.0020664016577046974,0.004329263959131996,0.00907971951055593,0.0017170562334411761,0.006829675553233143,0.0010741495821699697,0.0009295528045747954,0.0,1.0,0.0
LV,2021,0.24269337555500212,0.003931330457843492,0.10838090086953793,0.12748820724196627,0.04426353576137714,0.020488859345226308,0.02651281666920183,0.18881861763963012,0.001465607283974096,0.000841962081810413,0.000392482081475901,0.01757970960422421,0.0019718350743005123,0.0044742076331237895,0.00898363466918991,0.0013383970910346309,0.00608838674450912,0.0007554347984426668,0.0007657750314040725,0.0,1.0,0.0
MT,2008,0.0328879046200194,0.0015897790698571525,0.02051302743774876,0.6195993027739137,0.04097434462127928,0.012593128908248062,0.02379913253380714,0.11907678516297636,0.010257306446828198,0.0014747636446987365,0.00010770555873811972,0.002270841636359358,0.00786771060587439,0.006412613982735022,0.0034174806984431775,0.0007264233747057332,0.006833158703029838,0.0006690598522270994,0.004120359798841064,0.0,1.0,0.0
MT,2009,0.03315985626571787,0.0012138883815782104,0.01707829403497497,0.6090715881691071,0.048264803560795363,0.012465381222485767,0.024788527835121775,0.11971896652863716,0.010051044741446134,0.0014635929828320572,0.00011602679680001048,0.0021497951699129205,0.008736805201707866,0.007669693170541163,0.00346772546016965,0.0007156451024369146,0.0063943365050013684,0.0006002160088799082,0.0038109263942742153,0.0,1.0,0.0
MT,2010,0.03323727315360304,0.0014631428318850003,0.019940953487889972,0.5903674252506614,0.043483685064290414,0.01233462704425125,0.02631280764843417,0.1303873334624348,0.01264112859378853,0.001549305307087935,0.00012606599042948435,0.002578422100889613,0.009244623659999791,0.008213458957104345,0.003601127253329438,0.00076627609110842,0.007926966015241335,0.0007983904945297022,0.004703077470102184,0.0,1.0,0.0
MT,2011,0.031066566979064028,0.001041660305635006,0.015838457335657353,0.6037235657043774,0.04174286888255105,0.013217110528140164,0.0262950737339917,0.13166506804293202,0.010104472301973753,0.0014942884254204808,0.0001336398789383891,0.0021108368971201265,0.009771703679119198,0.009058706923361774,0.003754294621909095,0.0007246421858533513,0.006137753889410129,0.0005552300887647596,0.0035778052638882453,0.0,1.0,0.0
MT,2012,0.031659955399041144,0.0012883559677020126,0.019042681479795445,0.604678371981382,0.04046715704958004,0.011562649397740418,0.02735318018307436,0.12137855671827627,0.014271393410358255,0.0014702395724106197,0.00014692245187124454,0.0026333271499332654,0.010634390926208952,0.010561049228791424,0.0034479822133654916,0.0007269148731123614,0.00873459464673521,0.0008386796697657091,0.004692792252255077,0.0,1.0,0.0
MT,2013,0.03382938227248732,0.002135908839026104,0.02900661760374662,0.5436459473323396,0.045676924561376134,0.01325559700794673,0.031236052869358797,0.13803431774715438,0.01621546975652871,0.0016602786478656754,0.00017147982544658903,0.00296810616743257,0.012304076047795992,0.01235971081543161,0.003982422181716348,0.0008194332176105323,0.009649453415446431,0.0009397879530257299,0.005317410036702051,0.0,1.0,0.0
MT,2014,0.03386965806249767,0.002318719241025362,0.031128814182453647,0.5252556939529777,0.05115234989249894,0.013590534712819732,0.03213888106226699,0.1436885680467621,0.019105926321882075,0.0018346384338757732,0.0002049502776848524,0.003179117363637115,0.012593067933157598,0.012939894203400974,0.004479002155160576,0.0008792670563742372,0.010203832118121545,0.0008958600261003979,0.005036631790152291,0.0,1.0,0.0
MT,2015,0.043577369390378436,0.002751736327510525,0.04181675919511346,0.35998892530681353,0.07205385988361146,0.018404661988041186,0.042377445665310515,0.18699536472712242,0.029144508057994623,0.0024998075667641345,0.0002606751306052521,0.004145466809085163,0.0165092858397391,0.0172808414114093,0.006012111300816226,0.0011217602956702657,0.014947315921166009,0.0009445836180971591,0.006304046189335957,0.0,1.0,0.0
MT,2016,0.051500223206507316,0.002962716105253643,0.045762419684884925,0.2710231480297475,0.08869742510485788,0.022065045920281353,0.04788850168568853,0.2058404229449043,0.035279359396851576,0.0027843776622594346,0.00035461360763190095,0.002750864220839217,0.019581520170713587,0.02071575855695973,0.006758579176776501,0.0013913044120258857,0.019812666674136073,0.00038724372860555854,0.005687959638513544,0.0,1.0,0.0
MT,2017,0.04719125001984372,0.0026818236150152937,0.03956500420938987,0.31875805217840014,0.07978615556041109,0.021072192676298653,0.043532661745539346,0.19916350708019967,0.031161467181746564,0.002645606433429381,0.0004104662125505679,0.0025145650336017566,0.017699599880933743,0.019093039825723288,0.005732877346454383,0.0014183774827037595,0.01568081640833545,0.0003175119480591563,0.005176288195486758,0.0,1.0,0.0
MT,2018,0.0466552185558774,0.002720240787907444,0.03482092286979154,0.30018581815265716,0.0816322054170782,0.02168149057668063,0.04370191135815625,0.22420012808979495,0.02589698689283541,0.002828659844293081,0.0004535495583494284,0.00274956505911726,0.016827936562088162,0.017493446195596986,0.00576189858770287,0.00151192388655517,0.011648089573756515,0.00030337865152744656,0.005114425238793901,0.0,1.0,0.0
MT,2019,0.04536060401107026,0.005276303374152732,0.02930366941176105,0.29902013917536235,0.08367361221620986,0.022522501884722334,0.04329528824002333,0.232684679921283,0.023370636065411232,0.0033168897344484326,0.0004679351201497451,0.0028500259519368557,0.015347670530919304,0.015396229720988698,0.00550504410514442,0.0015457231036810455,0.009703636599611022,0.0002957541176882414,0.005509337571891321,0.0,1.0,0.0
MT,2020,0.052713151821291555,0.007407873657465246,0.028606556887213454,0.36570880335627864,0.0948824525902224,0.023390508891870533,0.04513043567945639,0.14539947111996426,0.02324496709287412,0.0036475217131576162,0.00048097845501487784,0.0029212122922337236,0.016015685109888263,0.01649038401904611,0.005715858136402121,0.0015150064775137537,0.010514754278439387,0.00031462146766653376,0.006125796622086764,0.0,1.0,0.0
MT,2021,0.05224083557742077,0.008539993934106434,0.028943206694399,0.34799798668990956,0.0996942207424179,0.024837290439462336,0.047069204300588814,0.1455573447951284,0.023527478075531873,0.003951144566656058,0.0004915052835188288,0.003024437471532512,0.01620849235249898,0.0164725184788372,0.005429541408267823,0.0015859726986550693,0.010136010181299275,0.0003126933351081747,0.0068415656200086225,0.0,1.0,0.0
NL,2008,0.1290892360588113,0.014099998132642549,0.21377986099235624,0.21908270397981175,0.03708477212768807,0.018617059841411706,0.021161578631227133,0.12724140612095147,0.004140610799121454,0.0013398935912979947,0.002796269678629151,0.0025817449763791524,0.0041473508542919126,0.012627243156836061,0.009691457720246287,0.003151963291993428,0.00628713512723755,0.002222844418700248,0.0025730522420481035,0.0,1.0,0.0
NL,2009,0.13260072846631024,0.013594692729523199,0.202315108108332,0.22569746098423354,0.03857949960969491,0.01899879991427421,0.021199336667655354,0.12211983780582499,0.004295385514302581,0.0013279612364913986,0.002915029000303066,0.0025138080691122023,0.004166485000237656,0.01235692059910283,0.010015694300967494,0.003342362153300958,0.006752869872342806,0.0023319923158616053,0.0027172540789492283,0.0,1.0,0.0
NL,2010,0.13372304730577497,0.014154907354466081,0.20561995640663697,0.22389540702563548,0.034867344529917015,0.01712249251853629,0.02124721701885898,0.11791898831027273,0.005073193257103725,0.001617499322021576,0.0022720850989779964,0.002106240596859737,0.003596498138996699,0.0108457051605259,0.00956969222706482,0.0037694493855732186,0.008175545997148849,0.0027802512373730887,0.0026012954877691033,0.0,1.0,0.0
NL,2011,0.13521297000744564,0.01478246636974856,0.21427087370541453,0.21878399669996917,0.03643734050095584,0.01830580404670834,0.02004625067013838,0.12774631581896756,0.004633373315286859,0.001500000894618639,0.0020184457428415836,0.0018097410528408154,0.0032001858659074594,0.011254501539094127,0.009285205671429448,0.0027804747305325145,0.007066642967382513,0.0025022674006448475,0.0024462061579418257,0.0,1.0,0.0
NL,2012,0.13525739115718427,0.015206439792088756,0.2123791679856584,0.2081904154674923,0.03549564839760289,0.01699894380434482,0.020775118122258955,0.13091847190315914,0.005522684454829227,0.0015595720758492667,0.0021388639917588473,0.0017914116023581043,0.0033899996493566235,0.011817382598782077,0.00970344435519989,0.0032683389069158536,0.008426004617164445,0.002648038886870986,0.002550058421009134,0.0,1.0,0.0
NL,2013,0.13664782469980524,0.01502299749985983,0.20926602544322484,0.20819351402133043,0.03565626376505036,0.01667625685672277,0.020819942993446056,0.1292475812016918,0.005801169146039184,0.0013814423186746087,0.0020709024482839676,0.001664366372943433,0.0033333242472829757,0.011693692371685103,0.008756032824739914,0.003401209097700722,0.008702465308451974,0.002904497148142191,0.0025688174894176645,0.0,1.0,0.0
NL,2014,0.1349361665842667,0.015002429744760213,0.21242238191726528,0.23176302521119924,0.035200446524011456,0.01671926455701135,0.01885337769225309,0.13284682917662116,0.004946908147804399,0.0013310596815783989,0.0018244940157615222,0.0014627254487165667,0.0033316192359848307,0.011397492038378698,0.008400797461990489,0.0027045959746673912,0.007353950944153711,0.002455857641932425,0.002274045919723417,0.0,1.0,0.0
NL,2015,0.13520314536636874,0.013004431270332928,0.20777972988846583,0.2451639528713554,0.032065285063414724,0.016031162504178884,0.01904071573918953,0.12900256925519316,0.00514014185125573,0.0013633309486441824,0.0018318728491676555,0.0014331076895280654,0.003457522284525093,0.011248362215080484,0.008168924515663313,0.0026782799847275833,0.007515742155514731,0.002571336286716297,0.0023138263282601315,0.0,1.0,0.0
NL,2016,0.13557738219525264,0.01188839616079332,0.21299372610340284,0.2399514615073938,0.03178372131460051,0.01680715184643889,0.01919340546765693,0.1237634646481549,0.005125770062268402,0.0013030704029453049,0.001995423394918116,0.0014233652243154896,0.0034042211530997558,0.01210481004207442,0.008050037986361424,0.003050861787207059,0.007569400300731559,0.0024898726616725693,0.0022672445107981883,0.0,1.0,0.0
NL,2017,0.1390239716356589,0.011820101423529992,0.22156513576775821,0.2263121794728167,0.03057426278416111,0.016781201198773,0.02004808601972861,0.1259450826489358,0.005191397882822445,0.0010329055451571221,0.002112177625242845,0.001593298328517003,0.003676763354135718,0.012397312709132568,0.008269843641037672,0.0028017522523768428,0.007442175616884214,0.002381524611748159,0.00219388249762909,0.0,1.0,0.0
NL,2018,0.14107184985822285,0.011124086629383733,0.22602744416913428,0.21473192493603302,0.02818275834926912,0.017270703862811394,0.01897234259573055,0.13228574511571697,0.005168487673746584,0.0010134303030632198,0.0020807957241433315,0.0013536030598691319,0.003719291025423714,0.013076018122842132,0.007972258551861124,0.002999888418951014,0.007456262642233445,0.002335278673069588,0.002198489430876956,0.0,1.0,0.0
NL,2019,0.1429111325337586,0.010811719158076667,0.22725183769194454,0.2036058723804296,0.02912008772096547,0.017277946419479044,0.018174181257177444,0.14202768822702114,0.005179703477074067,0.0009765916136042687,0.00194150672391934,0.0012627872739360301,0.0038070678142522797,0.013742102344541148,0.008004583237110572,0.0028991225348740744,0.006963585042727131,0.0022215646263093742,0.002083140960990186,0.0,1.0,0.0
NL,2020,0.1584891919526843,0.011583689485287438,0.24991398362936798,0.1789939888684377,0.03152293085824299,0.018797085843766378,0.01803095355566303,0.12399220888169206,0.005164714775458822,0.0009156453543138588,0.001847342821843908,0.0012748305336535185,0.00370577699529342,0.012229958400079366,0.008491800516812566,0.0029647366644604393,0.00705025412147532,0.0022794029486181144,0.0019965351904203854,0.0,1.0,0.0
NL,2021,0.1566893660277118,0.010682682497475846,0.25013152584632087,0.17572263812851724,0.02941500356424739,0.018371156896256124,0.018554010630079738,0.12058015003106032,0.005305978857934031,0.0008980236577886041,0.0018951281458322313,0.0013859358694555473,0.0038095721739019963,0.012441741973608993,0.008468930412895998,0.0033343575065235445,0.007337718595103829,0.0023474529337299444,0.002057025862416194,0.0,1.0,0.0
NO,2008,0.08886687632654544,0.24704417934941655,0.21936140880882005,0.013308403618695114,0.025926966400187445,0.028387440845264116,0.017794694473101325,0.2373895244462642,0.0016006719879327542,0.0004351467912198391,2.266922179092777e-05,0.001738672933311123,0.0017342297017410228,0.001997703136267314,0.007439825608026577,0.0002998095995876763,0.0021259828736891976,0.0005280744301133221,0.00055808445317695,1.1498500584524959e-05,1.0,0.0
NO,2009,0.09535961994480845,0.24325193725347855,0.19239503001920613,0.03377396609847287,0.02854781958251821,0.028173046392046396,0.018425697000643053,0.22722296443753312,0.0017387056349199945,0.00045098274278321964,2.858493962894318e-05,0.002059590596106655,0.0018987561015323192,0.002109610328142126,0.009954354682339362,0.0004050576398148204,0.0025010992764507188,0.0005752973400811496,0.0006312027590729577,2.456620947635772e-05,1.0,0.0
NO,2010,0.08844992055775969,0.2465691396619265,0.19624987375579198,0.03945561991119629,0.027106892070351187,0.026185528484341965,0.018881033776450357,0.22715336538628692,0.0019481890438655303,0.0005803945170918073,6.743302629463936e-05,0.003039127167435969,0.0019934918480894828,0.002343675951705195,0.0070673788468843144,0.0005488604923713596,0.0024979001201137995,0.0007167188209077244,0.0011786904029034051,5.705154102774071e-05,1.0,0.0
NO,2011,0.08043035998910561,0.2257794389079232,0.1830563180884133,0.0336697703297966,0.026118124370959096,0.025528559284777978,0.01741806601508532,0.2925636741519396,0.0017913976899833009,0.00045948423179997344,1.4297101897384477e-05,0.002146027730819674,0.002061179519375201,0.002559103669492109,0.006300749174188471,0.00041058942428570276,0.0020671147025421587,0.0005867604630563012,0.0008778463264153543,2.37272112673318e-05,1.0,0.0
NO,2012,0.08145492100794946,0.22723839803878468,0.17937677626648155,0.026360294298360086,0.026119282329005837,0.0291954379543773,0.01721286531861234,0.29771074074293685,0.001820415491294005,0.0004644822432440466,1.2623395195491328e-05,0.0017971694392989927,0.0021472071215430312,0.002391175156450369,0.005661561506343065,0.00045489700635354747,0.0019837226753058423,0.0005225588695514803,0.0007806679258377451,1.556202511985611e-05,1.0,0.0
NO,2013,0.0812673730530913,0.22697626829590545,0.17799377662907329,0.026630778472041327,0.026566044248914466,0.03158098995476176,0.018412072213278813,0.29650910944528147,0.0018344859525023115,0.00046907904863405274,9.01753486059308e-06,0.002107568946955538,0.0023505590178098095,0.0026291380581968593,0.0060970176155269685,0.00043014462794630745,0.001939721332485963,0.0005349157083068293,0.000908648298788247,1.5530198926576975e-05,1.0,0.0
NO,2014,0.08318682913592455,0.24127549917572713,0.17336333506942922,0.02628166202441554,0.026022623416461915,0.031325951322981924,0.016299796765159507,0.290917515720508,0.0018753165709380088,0.00043774416508664195,6.01939627671873e-06,0.001742838898169901,0.00209350975729974,0.0025707805169588507,0.005531362090180647,0.00040917132811072235,0.0017203431561527997,0.0004784194879663688,0.0009564343358245056,1.7301361961055495e-05,1.0,0.0
NO,2015,0.07634741870690262,0.22402555974769545,0.1616779927117435,0.023707287151562725,0.02182098046191209,0.029317326509230888,0.01478402422164458,0.3483068589727142,0.0017672562014304728,0.00037119764606385533,4.713884741874983e-06,0.0015225868321901287,0.001677067353433769,0.002684680650940928,0.003982975723175566,0.0003736387281522458,0.0016396062906592008,0.00044552907645373013,0.0007149382700445907,1.2623018182453511e-05,1.0,0.0
NO,2016,0.08832725272265152,0.24634108545988195,0.17867944421247856,0.026158071351360557,0.024972384372865825,0.032661891976354294,0.01834663749306676,0.2714344763488062,0.0020890911338453267,0.0003843848200740655,5.225467022384332e-06,0.0017957981503645376,0.001731661492298423,0.004622258996412575,0.004476331566006765,0.0004764183874594415,0.001851312355857116,0.000563762151208765,0.0009412344002225563,1.3172449636616208e-05,1.0,0.0
NO,2017,0.08661314884683055,0.23372953007694836,0.17860729955844984,0.02744398738584094,0.024273048058396026,0.03296145442195606,0.016085936757933458,0.2980370164005812,0.0018721459914001386,0.0002873697521786895,5.506561009657632e-06,0.0015337240160423636,0.001624232863800374,0.005251665867804402,0.004313789968401717,0.00038529361926746054,0.001732494919727481,0.0006085362440647572,0.0007167358917867735,9.268774163450583e-06,1.0,0.0
NO,2018,0.0835206389997195,0.22107873639485684,0.1712172858443585,0.025724098899605946,0.023163748759528355,0.032827446850058166,0.015275465445956342,0.3303798303028615,0.0019021732034287492,0.00028066034817819305,3.1076192194367307e-06,0.0019457713824754842,0.0014403952719042943,0.005525023339321433,0.0034362642735751847,0.0003548741936120577,0.0014428526495154504,0.0005926907620464866,0.0006960300748498769,8.669640115895671e-06,1.0,0.0
NO,2019,0.08285876025490009,0.22199527267441319,0.16610370631889598,0.02455104036450089,0.022000648298486587,0.030621906096607313,0.01690932115741256,0.3505986304258021,0.0017422725402062573,0.0002675684021720355,1.6935557117830252e-05,0.0012704084407467115,0.0011602490256534565,0.0029324960565337683,0.0029227326656971245,0.0003158674125742686,0.0013932635010762348,0.0005089497775684786,0.0006024544393670253,3.805531704775601e-06,1.0,0.0
NO,2020,0.09206267881129751,0.23115452757709265,0.1802499435520944,0.025763147283778882,0.021877016993991426,0.030718390065254345,0.016257522777283286,0.3112033303559463,0.0017066578784710165,0.00024508642302336226,1.2905793748400533e-05,0.001330962844182701,0.0011432398096227659,0.0023960795273559508,0.0027267530855543494,0.00031134495773688483,0.0014324788038104104,0.00044599389446724295,0.000675332034004454,2.9513089504486684e-06,1.0,0.0
NO,2021,0.09422442297720862,0.21449068696690993,0.18685931556220275,0.026632078744749682,0.021022440482800532,0.033483983003396466,0.016905669468202125,0.3137439762076748,0.0015243350039685002,0.00025150971372129855,2.2130728652878618e-06,0.001383559165760487,0.0014650517295627867,0.0025934389137410646,0.0029365579763984653,0.0008859320140455477,0.0018622356274375102,0.000687241028425959,0.0007103044569722141,4.757939509850377e-06,1.0,0.0
PL,2008,0.12802786287776902,0.05910077387623291,0.16659738783574912,0.39221425344011634,0.022588352533564154,0.002848905944907221,0.023593093997582748,0.036101980121675835,0.0012009917000569787,0.0030082600156742306,0.0017419852719372838,0.0015772987025260638,0.008551408382215334,0.0018429977964866497,0.004648970854318848,0.0032472206079323185,0.0033205907708853447,0.0021239938262797766,0.002576718657078486,0.0,1.0,0.0
PL,2009,0.132393171063623,0.05752040850721295,0.1457132172086304,0.39363671021996416,0.02256660466357059,0.003174225872782482,0.0253091695676308,0.038143323153332645,0.0012187235935857263,0.0032345307731055364,0.0018334536597447893,0.0016816036734151483,0.008996190635249701,0.0019938723772451403,0.0051767014668687794,0.0036183888549769683,0.0036247552929155416,0.002277491152416261,0.0027739765601606844,0.0,1.0,0.0
PL,2010,0.12826775182452982,0.053213188359321775,0.15094519059538317,0.3891489539399202,0.020863090934948515,0.0028007997059343185,0.026365728395295326,0.03897077106490174,0.001228442232411418,0.0033805098487426207,0.001914540837071572,0.0017736135272757882,0.009396877029392651,0.002205711952639548,0.005458388217096882,0.0038622642654626903,0.0038484814446053013,0.002397729193578475,0.0028845951623876214,0.0,1.0,0.0
PL,2011,0.12894044943196678,0.05331462514713243,0.1603154996942969,0.3940167651323343,0.018768076736581017,0.0029493842701955124,0.02658791455654174,0.03977672077784693,0.0011544516273771855,0.003386003531026868,0.0018521318129800946,0.00172982008662005,0.009361762512610507,0.0021057201577146193,0.005165613573634083,0.0035886043968089724,0.003656157916229373,0.0024048547823454763,0.002924682603999619,0.0,1.0,0.0
PL,2012,0.1310549208400497,0.054012710597298355,0.16056429004218467,0.3869173089187699,0.017528865744264543,0.0026605192598897053,0.02697977882977688,0.039217556250278604,0.0011618513348816409,0.00338132657351823,0.0017587917906301128,0.0016960845624713397,0.009257975402026658,0.002088331016779139,0.005069894095545144,0.003529833295692269,0.003648411355282302,0.002359132656254554,0.0029051971006951957,0.0,1.0,0.0
PL,2013,0.1325489264426001,0.05583986383205532,0.15825433833754152,0.3951812132473454,0.017179292674518513,0.002162294546656404,0.02531533478293174,0.03854291076695212,0.0010855165356583947,0.003276580790600435,0.0016343443003529402,0.0016251717336171177,0.008925860624395493,0.0020088668195546305,0.004779839656044105,0.003312850254224401,0.0034702316412769454,0.0022484731752030486,0.0029025689091345527,0.0,1.0,0.0
PL,2014,0.13644711640440318,0.05769230251232622,0.16397658234545395,0.3846116234626295,0.016297650183627454,0.002044513852336406,0.027365634384722268,0.041432602780380176,0.0010726703384659755,0.0035132722780414367,0.0016164692812885464,0.0016965642118146615,0.009671198120964586,0.002017267748212045,0.004747063078996061,0.0030894324307251075,0.003422419517117099,0.0024109014592488846,0.0030527723741389195,0.0,1.0,0.0
PL,2015,0.13309829796741915,0.06210223027058658,0.15994949556897062,0.386466884032208,0.015514572070770359,0.0016903295790923303,0.026423036811320643,0.04311324378248236,0.0010980690992819962,0.003752775433890938,0.0016385949190984045,0.001772199444511284,0.010264502411998604,0.002139804172987216,0.004866772466228946,0.0031034523256890873,0.0034974826579743353,0.002548631415151158,0.0032228071171119593,0.0,1.0,0.0
PL,2016,0.12423327947141151,0.059313552101502555,0.1563349718977858,0.37351455925915494,0.014975475694280658,0.0018197839465270307,0.05470543233435071,0.014348745718552908,0.0015953107183452567,0.006956467684952916,0.004677230072125789,0.003102581763961523,0.007882730902627005,0.01651139641761543,0.011100745770806792,0.003616227229236847,0.006025893745414404,0.0014728066892800362,0.001958713232071984,0.0,1.0,0.0
PL,2017,0.12542490408255197,0.0562398235512393,0.1574767877773437,0.36110393504547234,0.015200219459751804,0.0021796611406945947,0.06099595986858345,0.02676493020352893,0.0014345589147885297,0.007628041236783346,0.0050792765250566455,0.0035260697598467347,0.00757470416242138,0.009373258617541697,0.011178416701951608,0.002988137351399947,0.007411318483877199,0.0013503945052613388,0.0021844393910146797,0.0,1.0,0.0
PL,2018,0.12784891925111114,0.05495330918143532,0.1614680057023363,0.3552569778122874,0.015533477083936023,0.0021964921729086405,0.055823172890789814,0.027859336752282825,0.00147454412997139,0.007401161343255189,0.005279207580454718,0.002970365980020165,0.007794449392725074,0.01392294963549043,0.009134632967896966,0.002760825395208164,0.006804285515863487,0.001227798502095737,0.002042963223467245,0.0,1.0,0.0
PL,2019,0.13259946736867703,0.05308851134162378,0.1677920829191322,0.3397330854144155,0.01590538343194514,0.002089160831326478,0.06571734011431701,0.032168385017973006,0.0017102686591843053,0.0069394927245981525,0.0045905024847301065,0.0029234458552729018,0.006958297135965278,0.011356678829765265,0.008946672353561204,0.0027417981821433977,0.006491918889204288,0.0013097044474262847,0.002007279836743133,0.0,1.0,0.0
PL,2020,0.14336945088228625,0.05542185615596084,0.16493487314901473,0.32756534559615474,0.015322646676538671,0.0021777856103336215,0.06726678320134373,0.02812824366658333,0.0018187074731844824,0.005421937250211333,0.0036897085689342785,0.0031267353427297017,0.0069911781702346205,0.012540754655462723,0.0087291691188429,0.002634957611451153,0.0076199964231691755,0.0013466396362103745,0.001877449694972982,0.0,1.0,0.0
PL,2021,0.13392333088836808,0.050444459610793045,0.15706811873977947,0.35170356473478315,0.013991374833522472,0.0020774379999913555,0.06935496032970775,0.031338301220748745,0.00198183658092548,0.00601385760067979,0.004146461901208092,0.0033237096024200286,0.007605442024341626,0.013349504570421854,0.009702479532192908,0.0030055844424529726,0.00805108611987289,0.0014584191849725573,0.002030458403167783,0.0,1.0,0.0
PT,2008,0.10752168296584609,0.005222208696351014,0.24333707169847807,0.20804185809953768,0.09186624472215309,0.023936729172439594,0.03321585206733242,0.11165159805340046,0.004419742862491325,0.001141498212139007,0.0011991471698503404,0.00037433337063671324,0.0018391397176944072,0.004787717882496234,0.008332019106970392,0.0012166405556209845,0.006884735191305,0.0009366407628482924,0.0008783528014605068,0.0,1.0,0.0
PT,2009,0.11089569470709498,0.005006059281210194,0.2108270948468919,0.22260839630372695,0.09692282578951375,0.024202465034843103,0.03224819892808902,0.11161650859573026,0.004489317211440869,0.001144623923761944,0.0013723976011842365,0.0003511785473980118,0.0019285588365045203,0.005098241431206775,0.009846695385432376,0.0014704604979281658,0.008009195935858027,0.0010215712931796082,0.0010273887469109586,0.0,1.0,0.0
PT,2010,0.11755351337385159,0.005169158621824984,0.23666348198078802,0.16645834014801317,0.10082123152918492,0.026085453220905743,0.03072143961484257,0.1218082963306105,0.0031117494849503967,0.0011697009913606948,0.0013948028367587431,0.000352815620926074,0.0020820774321637617,0.0053139118047313,0.009563681367118443,0.001362574290184224,0.0066756274069194295,0.0009414024316370483,0.0009764947318856186,0.0,1.0,0.0
PT,2011,0.11864386190614727,0.004855946057591665,0.2173825424664985,0.19986982201571435,0.10308139242272532,0.02505574014121469,0.028066584469124228,0.11963395908824571,0.0030562138773189565,0.0009692860080849612,0.001659284275818769,0.0002603583486912682,0.001906824190880707,0.004997847322804088,0.008620857020181933,0.0012703711846634067,0.006496721925470766,0.00085754978837974,0.000888744235775244,0.0,1.0,0.0
PT,2012,0.12197813198132848,0.004089239538391884,0.21151088107906782,0.21871945044022945,0.10283172785214785,0.020199934491901758,0.02529110202677371,0.11890691906722464,0.0030620260487719472,0.0009477775150404737,0.0016032012796343316,0.00021458921809858092,0.0018653598649781664,0.004829092369966166,0.00833959276062332,0.0011363319727919965,0.0058077187629966675,0.000844402908211805,0.0008470223099665017,0.0,1.0,0.0
PT,2013,0.126440476791491,0.003828995996718145,0.23708355661760996,0.18569243941975064,0.10416293541724135,0.01719079624302359,0.02448743432398664,0.12011089275623664,0.0031821061963383064,0.0009887945047879234,0.0017450425760916302,0.000233653197881786,0.0019196113431425054,0.004843348675979149,0.008946488037753077,0.0012969102517381944,0.006827099503071802,0.0009252208385915911,0.0008970169997861178,0.0,1.0,0.0
PT,2014,0.12739253816052074,0.003785215679520507,0.23479384199462736,0.18177248694409137,0.1019135747430115,0.01679464334345099,0.026539226857166462,0.12436658784187041,0.0041459956998800476,0.000990602016344127,0.0016202473993573426,0.00023821681517444644,0.002086629582703999,0.005057448768027929,0.009550787959314005,0.0011945745059116955,0.006923223830032523,0.0009796256750970798,0.0008974944464632117,0.0,1.0,0.0
PT,2015,0.12100091325673981,0.004013643487645864,0.22778028358577615,0.22186084027510408,0.09203884345153661,0.018216699419129234,0.025002858067196557,0.11816159073010564,0.004244990797773356,0.0008770222854414054,0.0015126785578663874,0.00021317185160260013,0.0019575514750167075,0.004911800839716375,0.009183180627211854,0.0010586473059479374,0.006695760308254612,0.0008930067896146784,0.0008616259178515569,0.0,1.0,0.0
PT,2016,0.12544689834656414,0.003927260942186756,0.2173599225271466,0.21275487683262723,0.09622109564714304,0.01813411401167865,0.02556008893396427,0.12150885454329013,0.004516913896176445,0.0009190550069791591,0.0014180748139571843,0.00022970693689158462,0.002063907191872759,0.005165027838986521,0.00902167240402242,0.0011850008494493362,0.007296553676939708,0.0009683732898166645,0.0008491383495993535,0.0,1.0,0.0
PT,2017,0.11839662615346853,0.003976245240048587,0.21108431871541114,0.24935837939368535,0.09058377374093028,0.018033896136338195,0.0243671020151143,0.11751331067696907,0.004150604072689267,0.00081053804845079,0.0011540892179635785,0.0002107669591558212,0.0019856357412908164,0.005081201443770725,0.0080041554377829,0.001011008067838114,0.0064783017681264085,0.000847703262107541,0.0007512661675803098,0.0,1.0,0.0
PT,2018,0.12464013145720353,0.0043068638095574594,0.2118188337874494,0.21628065843892258,0.09331576732425043,0.018985091398276626,0.026642652876264623,0.1257207057355105,0.004994514479643688,0.0009162426480158372,0.0007925216248336597,0.00023177006098932339,0.0021987966174752114,0.005542330941658272,0.008848564378368508,0.0010274610895479872,0.006647858307257056,0.0009388682270495156,0.0008605849676309637,0.0,1.0,0.0
PT,2019,0.13270784818207845,0.004656662523224208,0.22750761601853187,0.15554879427785387,0.09799139756128865,0.020053985797072692,0.028759211070011455,0.13905737633973705,0.004650678208018891,0.001015221117090225,0.0008558010209647867,0.00025294301658533786,0.002391748484926794,0.0059361300266431135,0.009066595170491541,0.0011230873000009542,0.006814707511911753,0.001090762299331261,0.000911896588438887,0.0,1.0,0.0
PT,2020,0.1535578780963391,0.005055476038322816,0.2510938533565754,0.13395661591121164,0.10791711198821644,0.022276803017904575,0.026778762107235364,0.09410303546916415,0.004025311030132875,0.0010622809996690477,0.0011228495088822581,0.0002350232674558343,0.002743090025421253,0.005853150700649049,0.011279842586142655,0.0012236989160875384,0.008494605299450925,0.001114913136648284,0.0009067045579271343,0.0,1.0,0.0
PT,2021,0.15727798075171784,0.005680186842728418,0.24268295681990137,0.1054916234306584,0.10915835130912228,0.02499890647711638,0.029472832633574256,0.11836759434854915,0.0042326396862308905,0.0014996961107162348,0.0009353292867288074,0.0003688741685146832,0.0033022798318652737,0.006616599210869716,0.010869336074421258,0.0011402865163747506,0.006806166773909425,0.0012063651009818744,0.0009199608570130147,0.0,1.0,0.0
RO,2008,0.14056657774874456,0.06364061159509697,0.2558860520200992,0.29358432655346794,0.04733415039624235,0.024812872517426345,0.010098661090203737,0.04370762946449311,0.0012044542332860827,0.0019762411768493903,0.001461273773835914,0.003111645274693774,0.0035865808580283834,0.0024909492978076177,0.0030478485925868877,0.0016638515084276726,0.002294764527942201,0.0007145627291440898,0.002024578000205615,0.0,1.0,0.0
RO,2009,0.1617550722661753,0.06665900862001212,0.21679661551312424,0.28713535499017157,0.0533071716169534,0.020782765910791673,0.011200535665173103,0.041594741720305924,0.0012630477293735297,0.0022765711313946025,0.0016724269249408375,0.003546949066365286,0.004119336751597081,0.002863583793871833,0.0034610556336922916,0.0019106740129130582,0.0026154891493260506,0.0008358175266069324,0.002334191354080425,0.0,1.0,0.0
RO,2010,0.1505340581219616,0.06543496159132026,0.24084846093027606,0.26926403363768153,0.05602955263882148,0.022282371788934784,0.010996427915931155,0.0427584310330933,0.0013157346318361676,0.0022685287139554765,0.001746672311545035,0.0037016167616630443,0.004100852476586498,0.0028053732876297836,0.0033911950812647463,0.001975721703404427,0.0026592362387322837,0.0008617611638271529,0.0023131887061721905,0.0,1.0,0.0
RO,2011,0.14609858837272865,0.06154977586441916,0.23547285254343175,0.29558660551919225,0.05009135239198755,0.02369127331070457,0.01029033364430137,0.03974098471597912,0.0012066214234694754,0.0020944450702818406,0.0015681426115994057,0.003326598191084888,0.0037779792739391547,0.0025710372555553334,0.0030728796768995687,0.0017975335408055041,0.0024552332550160593,0.0008189454098625965,0.002149399252993982,0.0,1.0,0.0
RO,2012,0.14797512259107656,0.060142625664190826,0.23708894143518872,0.2763994560578086,0.05286064086143552,0.025517956510805073,0.01099452663975366,0.038140526320737604,0.0012607674805394742,0.002201347146941469,0.001570006218497001,0.0033625868402123596,0.003977269042188177,0.0026706219650191824,0.0031460690489740176,0.0018123224375989626,0.002532578386490751,0.0008523783522407622,0.002289198455887776,0.0,1.0,0.0
RO,2013,0.1657138599061498,0.06248350308852517,0.2165744622377296,0.24923468416502811,0.060370539735621884,0.026827094965943613,0.011658883435515527,0.04497715416715355,0.001344867786580931,0.0023790708683352896,0.0017146211151666197,0.0036458118232599343,0.004277490181877448,0.0028833123059919226,0.00335251399518652,0.0019967734095811566,0.0027836710355196247,0.0009720362152613448,0.002474246940676568,0.0,1.0,0.0
RO,2014,0.16758503032966832,0.059730579030732985,0.21862444616036175,0.24655318105259413,0.060054229385447806,0.025959470420910857,0.012144888787687696,0.04423761194803879,0.0013798042255098362,0.0024569343416649763,0.0017305527053207215,0.0036832146520923365,0.004414073037624596,0.0029672754403573696,0.003438043671505909,0.002030019640980967,0.00285982182760906,0.0010080163539137508,0.0025629571893609955,0.0,1.0,0.0
RO,2015,0.1718780536478192,0.059314177753865556,0.2046932296988432,0.24893264139017132,0.06088526128657904,0.02693780396920963,0.01221903427227354,0.04650194399761823,0.0013967107541997545,0.0024913878271135407,0.0017363152918664392,0.003693013493066346,0.0044723103963605175,0.002993598831173658,0.0034608059317734817,0.002056465993471929,0.00291871714740936,0.001045989976905608,0.002604860481016541,0.0,1.0,0.0
RO,2016,0.17380432375750837,0.05645844273109281,0.2084375333313524,0.23067671361287045,0.06129209188077515,0.025603245238725227,0.01310789542302733,0.05162023983119126,0.0014804531914341635,0.00265881022460157,0.0018132088096788053,0.0038584477018371558,0.004768937962356804,0.0031837736562023472,0.0036755250471907715,0.002171450009753858,0.003111525400516201,0.0011293149701699274,0.002787377828324498,0.0,1.0,0.0
RO,2017,0.17118068069556827,0.053459026813432294,0.20564880304426747,0.23058794415175957,0.06006246800472748,0.02518986281086358,0.013472730283419086,0.053835562069227204,0.0015521658681249707,0.0027593527182812614,0.0019137320354843197,0.004070071174355033,0.004940568532036388,0.0032789235906994793,0.003774941067312688,0.0022776370216816846,0.0032438785607838564,0.0011827199544727207,0.0028786972662455243,0.0,1.0,0.0
RO,2018,0.17687887690296888,0.05177511010337081,0.21102202214508725,0.2170524841649473,0.05959695154206194,0.025375457133069775,0.01354036332707393,0.052878953359118595,0.0015806485551982104,0.0028124239580477333,0.0019459513059224393,0.004123002596079595,0.005022388805246433,0.003327521285631102,0.003831963996284282,0.0023089261571493163,0.0032928346238213137,0.0012069567325903234,0.002917769404463272,0.0,1.0,0.0
RO,2019,0.17921371100825695,0.05407281253412436,0.21680956328593382,0.19292834120144733,0.061425197568525804,0.02456742195925649,0.013976225930953365,0.057416885437452284,0.0016350931924693501,0.0029118862574593037,0.0020087775515203665,0.004248341479554423,0.005193675026103217,0.003453858143283243,0.003963384743615908,0.002391266454841743,0.0034147579179755767,0.0012588240731159982,0.0030234203004293075,0.0,1.0,0.0
RO,2020,0.18353650524605736,0.052713054719042335,0.2314400433221416,0.16835637205422724,0.06377637762876902,0.025237871281812138,0.01378614170793223,0.05270475100371391,0.0015881880663582914,0.002876094145057409,0.001961062176234305,0.004120941047217026,0.005111653087667868,0.0033885908156193858,0.003926714091483714,0.0023647280352087113,0.003400750249201314,0.001277374990025122,0.002965708799327328,0.0,1.0,0.0
RO,2021,0.18072494735112635,0.04998752827439812,0.22342583212465575,0.16950388444930714,0.06181085153183198,0.02528004334740719,0.014402835589808958,0.05459964899656838,0.001656480825611889,0.002986981287589095,0.0020502475696919592,0.0043180211939036015,0.005315699123257042,0.003523398562238506,0.004079269954509926,0.002456551520117259,0.003518710920933946,0.0013100876932738478,0.0030820388540503353,0.0,1.0,0.0
SE,2008,0.1372652112739449,0.01145832994267496,0.26897072902627717,0.1155415145398796,0.038246825398044575,0.028549266124604806,0.031031809357334662,0.16076611760411805,0.0012691160130840918,0.0025831595889491406,0.0011361550599273392,0.004080420188499108,0.008132278655131473,0.006525184747937661,0.0032287021443548783,0.0020351312968603227,0.006596898314484182,0.002515250552572141,0.002138737410156971,1.3128403644382594e-07,1.0,0.00204
SE,2009,0.14392568118902152,0.010278582183874665,0.23287285488401382,0.1310359656537665,0.04017501962717015,0.030379578399680265,0.030677746661678492,0.15587545999637173,0.001380359492273449,0.0027079425582325583,0.0012862595841125913,0.004321318059035331,0.008624592426183996,0.007344006641740397,0.0031349820399091187,0.0023079055556815167,0.006880683923373062,0.002723314044783488,0.002228083621949191,1.4243848541401645e-07,1.0,0.00251
SE,2010,0.13435682751001923,0.012799541270048802,0.25620721192591617,0.15647014134807619,0.03519405351007796,0.02907984475452726,0.02906860297608756,0.1431373090177044,0.0013282150328033854,0.002333389687992654,0.001381456814793268,0.004479140307253961,0.007728229521237954,0.007417013990552658,0.003085222446970149,0.002167682440771341,0.006556842201982834,0.0025380399161249443,0.0021813423186694157,1.839117897915707e-07,1.0,0.00277
SE,2011,0.14551910980904748,0.014015475522684215,0.2623299810415533,0.13391155536882624,0.036621115899486946,0.03187979034913906,0.03254750074794811,0.13561329961727894,0.001356781273737302,0.0025866942199280073,0.0013438747136496638,0.004010448384757189,0.008436862211156968,0.008319785529438633,0.002760222205261424,0.0021161365913588597,0.006727265876113544,0.002762873830025505,0.0024399401963276384,1.4151929920656014e-07,1.0,0.00061
SE,2012,0.1512682047282778,0.015299944252653868,0.2652071346413455,0.1323743594550059,0.03608889354303389,0.03284435798347403,0.031208696099718443,0.12489837083565115,0.0013495189453963247,0.0024170632783191495,0.0015167048869943731,0.0037541408118360853,0.008217505666575245,0.008332667786395855,0.0029963874757956022,0.002190033335117572,0.007039469709362977,0.00285953353426677,0.002284248941975834,3.591466451324457e-07,1.0,0.00055
SE,2013,0.15434715318253003,0.015427895703818868,0.2552423169542448,0.1309183520216065,0.034954600168304234,0.03331412210202881,0.03174363429664145,0.13136026822870428,0.0013780458042587534,0.0023504569725744527,0.0014758202271627238,0.0034746697877153167,0.00814799508354891,0.009113443370980958,0.0024252874050253313,0.002145625380897556,0.006672220859374565,0.0027807459243599053,0.0022499749452117145,2.1851419479135076e-07,1.0,0.00075
SE,2014,0.1580590298278345,0.016578219393732968,0.25951263448547096,0.1189699526308625,0.03341338465267343,0.03310725217776834,0.03032666574401844,0.13558682581978607,0.0013686973726510384,0.002269135565649552,0.0014407674920823294,0.0037086673073550096,0.008043494096650236,0.008226196215386129,0.0023132685350318173,0.002019156541065384,0.0067850576577636375,0.0027762340732627585,0.0023363528967551396,1.1574521436262213e-07,1.0,0.00097
SE,2015,0.1563454461528599,0.01605820946820158,0.2623469202298608,0.11174498987985501,0.0311838631695903,0.0338206451476021,0.03006275267653607,0.14336783242114423,0.0013858336687093238,0.0021450404330460525,0.0014888393594169114,0.0035389689285708543,0.007873026514432151,0.008378493625236915,0.0022923297887149077,0.0020070856217184498,0.006717267024945714,0.002743910965799619,0.0022227691871861614,1.347148343001314e-07,1.0,0.00192
SE,2016,0.15144049591293596,0.015789119430256463,0.26140779140956893,0.1193836274085825,0.029236762241143216,0.03354623699693051,0.029151216053359602,0.15404511771316315,0.0013284463244888046,0.00198255716125192,0.0014480152100406866,0.003424838648696483,0.007299924333418018,0.008046559543511514,0.0022289999809483106,0.0018714730955988147,0.006327947696614757,0.0025629382498215925,0.0021313326218807306,2.638738130638814e-07,1.0,0.00246
SE,2017,0.1562978928061505,0.01642375803165648,0.26514278901184024,0.11586689002462082,0.02868503337512554,0.032831392228437284,0.029023798544827444,0.14768943082889444,0.0013383544173098253,0.0019464255137204179,0.0015252036047959203,0.0032865024267849687,0.007201425475880391,0.008110558027106826,0.0021966706883313437,0.001804364756444544,0.006952269031885246,0.0025949973890381024,0.0020595189554417524,2.814766957875552e-07,1.0,0.00287
SE,2018,0.1518917241468345,0.01584028880874721,0.26920820747716684,0.12202384506838458,0.027362262452592424,0.032820746567831016,0.02937868237026019,0.14795348105301925,0.0013127604225716917,0.0019328390729482247,0.0014385125197466766,0.0032528325406304902,0.0071089563047473025,0.008481700648545108,0.002203510200609551,0.0018269083187955305,0.006403688052445179,0.002504644100314857,0.002038019073738097,2.7630632239436966e-07,1.0,0.00314
SE,2019,0.1568372671587958,0.01645283934911785,0.2760440367593532,0.10474541192346457,0.025569430383143642,0.03504095206272324,0.03068135831246632,0.1491233339926527,0.0013146859668341424,0.0018902192549455125,0.0014472885146307641,0.0033225970548720206,0.007283550507432503,0.008932557516047325,0.002591020966464748,0.001967949320065207,0.0064378500303433886,0.002646466721294052,0.002072416422455549,8.082197558086932e-08,1.0,0.03424
SE,2020,0.17537929758125415,0.018569357974948957,0.26695296455371675,0.1083024780879955,0.026616711379873908,0.03858304360877025,0.030907126400478768,0.12190098531807884,0.0013519567597909917,0.0019111747184470938,0.001529871861101923,0.0034320324626338095,0.007451338555955987,0.009311013705714084,0.0028651268013562886,0.001902071750813642,0.006901718590363554,0.002762785582391961,0.002165973192452086,4.1040569855674363e-07,1.0,0.02997
SE,2021,0.16568944398206834,0.017322392889419586,0.27913830528802325,0.11813231406850698,0.02446321595425514,0.03863972271111569,0.028881833268814674,0.12323711218892991,0.0013083770441806907,0.0017349129327159979,0.001976836974216746,0.003281607385411157,0.006181456649379825,0.009172892347263246,0.002791335944170938,0.001774949212300538,0.006545632690152356,0.002655506512740279,0.0020326448741097105,3.8985110378012326e-07,1.0,0.02766
SI,2008,0.10252708531332866,0.023101471469015734,0.1725198602170531,0.3308286810811304,0.03537773161152241,0.02678414558548192,0.016784904895081557,0.05070980208237111,0.007112485654038946,0.0022331702877175816,0.003696410567016988,0.005278212826926283,0.006967472408931437,0.005748164662174377,0.0011695182517710318,0.006312578281087592,0.007518165618692926,0.002481525233469154,0.0043364102558138455,0.0,1.0,0.0
SI,2009,0.10878431265085316,0.024002449872247422,0.1481150362070672,0.34077169584622513,0.034559051727831976,0.025457120845317132,0.01684242974833414,0.048449999449246384,0.008219329576024947,0.0023227346483645985,0.002478294377748515,0.004870964230437658,0.010221436251320824,0.0045116098801773604,0.0009400355631062073,0.006937253105126174,0.008977365535236159,0.0030311380134660174,0.0033793651704597237,0.0,1.0,0.0
SI,2010,0.10533023328849282,0.0239219803433671,0.14665164499245945,0.34066751534019485,0.033457697744071896,0.02430832490488958,0.017814395466767014,0.0512300705795653,0.0075926149374213135,0.002392275199076616,0.0025655818462421522,0.004488991224862217,0.010053368484501677,0.004729326165960774,0.0009800211335788804,0.0063542333938484226,0.008242837187841056,0.0029524129743190362,0.0033712213849593107,0.0,1.0,0.0
SI,2011,0.10686700917672037,0.02415023918825049,0.14013750605921735,0.35193022224790094,0.03478154173660486,0.02386894195204885,0.01810794186107016,0.05206775503632007,0.007322167721036113,0.0022833210785833786,0.0024749109163750083,0.0041667567304544345,0.009405919963734879,0.0047128243827490035,0.0009013031623528515,0.0058791851344373374,0.00891041468335345,0.0029192253572471035,0.0032461842435265328,0.0,1.0,0.0
SI,2012,0.11162990238148734,0.024093762600262244,0.14160949644195614,0.3519599158752034,0.03551387314978981,0.024725769197714898,0.018213332439432992,0.049809701901021804,0.00652774663222627,0.002106500951798469,0.002426330557940513,0.0034860116221031236,0.00845223470907095,0.004632841467426827,0.0008795549285656852,0.004993733488396449,0.008618955126135974,0.003007340622450315,0.0029285352929928634,0.0,1.0,0.0
SI,2013,0.11314168075945698,0.023043149817541488,0.14970788498547205,0.3420688766412328,0.03506561238758992,0.024174920742225995,0.01866374318801941,0.05219972368517206,0.007434209298805716,0.0022130860824610328,0.0025892339258785572,0.0035878781429120026,0.008884445299222506,0.00483202506338621,0.0009202250130439334,0.005656950026180658,0.008194664656147963,0.00317032523578212,0.0031628305683094045,0.0,1.0,0.0
SI,2014,0.12866265873164867,0.020774225247648277,0.16871267193394537,0.29076250348709926,0.03667437319933036,0.02660924421588136,0.020870319808942005,0.056819793552375965,0.005646015220886713,0.002521171304273527,0.003290501818945152,0.0025252958726269398,0.010861294149997026,0.005819727853519039,0.0036519716335202167,0.005600338910264661,0.008090994976506932,0.0021009460940143287,0.0029446817200906505,0.0,1.0,0.0
SI,2015,0.12677786731123245,0.020487374503565064,0.156978968556868,0.2881641987074487,0.03606705568844681,0.027303635027349178,0.02129045837302435,0.056809694346678874,0.006083433728172532,0.0026334973106087113,0.003465372068195389,0.0024830060596738876,0.011359944970941404,0.006065236455957718,0.0038872684352235895,0.005964300899625314,0.009413911301228227,0.0021796057118062314,0.0030613659855900205,0.0,1.0,0.0
SI,2016,0.12248135021431379,0.020055700924298984,0.1509888580070327,0.29820949373962674,0.0342905151977638,0.026664127614491013,0.02100207532154116,0.05326503214054309,0.006598460255924296,0.002734549048361583,0.0033774307781872215,0.002975988436499552,0.011119196250628642,0.006236472276509471,0.004240134696583625,0.0065201631328483415,0.010360031364379563,0.002440568968090395,0.0033497509577017663,0.0,1.0,0.0
SI,2017,0.11764607024996396,0.019695095725004573,0.15719281878867136,0.29097015148345806,0.032953081890261866,0.028510997972873417,0.022530703901998746,0.051772276347355914,0.006031598704256604,0.00276095320601468,0.003432443943352552,0.002575527190621032,0.010556232800384969,0.006308148970803451,0.0037134097920307136,0.005567895049429752,0.008090056132853855,0.0022382084672243293,0.003167629860490387,0.0,1.0,0.0
SI,2018,0.11719494741974826,0.019427289061156493,0.1643500953761297,0.2824018087418582,0.030863719530295878,0.03111537233679568,0.024552852530938387,0.06073302538259222,0.006199275406731468,0.002864477614410992,0.0035051955266411964,0.002586055271675602,0.010438713633621402,0.006671003449056046,0.0034071336293521673,0.004935383465810081,0.007780955472361232,0.0021305354163147177,0.0029873392208338134,0.0,1.0,0.0
SI,2019,0.12017031047604906,0.01892141040418752,0.16550452520309866,0.2735473691031912,0.031060498727625018,0.03304905210034358,0.02598361907067373,0.06361134677466013,0.006330758731376097,0.00302176085555001,0.003523465231053333,0.0026372591769403637,0.010904845911284235,0.007072583757030572,0.0032771415548826003,0.0049167701752002154,0.009716868995637992,0.0021721108979969234,0.0029905036561440244,0.0,1.0,0.0
SI,2020,0.1267756285876971,0.020177640478458575,0.16659661679699017,0.2846980414834725,0.031436256268745535,0.03486771587927179,0.02592262527594984,0.052761989134956506,0.0053967593973118545,0.0027616302769160185,0.00325463473839787,0.00229384811519456,0.01155020964941969,0.006183979870030221,0.004885711082878487,0.005025004072148205,0.008845046305669384,0.0027282920370247004,0.0038559100335832353,0.0,1.0,0.0
SI,2021,0.12420249058505535,0.016254180645957912,0.16735872930572124,0.25967310567152435,0.029796934116053705,0.03589080403245676,0.027836535060799406,0.058410665362069646,0.00516328995280142,0.0029845781842615217,0.0035397197578988524,0.002015074659137942,0.011214995094802659,0.0065792661380238366,0.004164335531502468,0.004321302300467993,0.006339964994875673,0.002495891564040124,0.0036359270276762616,0.0,1.0,0.0
SK,2008,0.048802286231338886,0.012861714635755667,0.4091194190597336,0.16132589045045512,0.03970303699433367,0.05613734164852708,0.007160521497438597,0.10509663960549692,0.003463070308178987,0.0008485103420531066,0.0007455491879625902,0.006049433389431941,0.009544135237833805,0.0035051170318630477,0.007789151746188538,0.002759920032369675,0.004092632820523916,0.002893723301135969,0.002974978523781576,6.798436859346481e-06,1.0,0.0
SK,2009,0.049226319879362275,0.013511955735332397,0.4062886471370076,0.15841988893551376,0.04421975592286882,0.04684876825253403,0.00785678744359924,0.09699540640258861,0.003860906656077381,0.0010473379097613623,0.000892613828131386,0.006634592959557698,0.010513164709387948,0.0038802047279764508,0.008841216245040178,0.003078906177060098,0.004487690530041383,0.0034014492470649184,0.003256022142772429,7.299388404615964e-06,1.0,0.0
SK,2010,0.04947536137602817,0.011471887977395148,0.40670939760816394,0.15217321996743335,0.04459632831347338,0.04132666137600031,0.007761050420956568,0.0924888936347675,0.004061492888631356,0.0011874461986494493,0.001056490937986602,0.006983729205338737,0.011070468422040389,0.004077875081025284,0.009431957630174456,0.0032471938847423642,0.004730579951042203,0.00361660380001805,0.0034089314436214005,7.485139502844417e-06,1.0,0.0
SK,2011,0.04845930862124905,0.011865219857081227,0.42410035508752264,0.15793934467938964,0.04631104022605513,0.04874514501342593,0.007008548914229934,0.0869365114791988,0.0034558310618598726,0.0011722702257883836,0.0010550617015367481,0.006021496192535557,0.009254595382972002,0.003395046039147248,0.007839735211388895,0.0027794289169759505,0.0039714382993178985,0.003120589721770372,0.002771230794692857,7.171104766310338e-06,1.0,0.0
SK,2012,0.05069891094892733,0.011246525485269736,0.40833696154390403,0.1545173458657106,0.049263757563315906,0.04584954023830824,0.007492526805032205,0.08264348849267207,0.003938559558705305,0.0014219421313702353,0.0011314407505786626,0.006679028345676013,0.010321791087740017,0.004018367434749315,0.00857698248194299,0.0030335282510587165,0.004353949312281301,0.0035257634879944815,0.0030889745793676376,9.12111807585877e-06,1.0,0.0
SK,2013,0.05335866624829325,0.011334574055183582,0.40400650163147417,0.14796548404016865,0.050135046236066794,0.043402124772933974,0.00805251882430233,0.08546672006373995,0.0041350262801375885,0.001347427930816128,0.0011768739919273904,0.0074561315195257605,0.010727413626672839,0.004032902197196541,0.0089862639337851,0.00318288990942291,0.004564357063694837,0.003687937797625178,0.0032640487240684175,1.2800779522713168e-05,1.0,0.04681
SK,2014,0.05842938095903852,0.010927049822304689,0.4202051081319992,0.13618071414284777,0.05265860822060885,0.045063389175810944,0.009259837799007143,0.08427162131063504,0.003778799901803879,0.001153735313742929,0.0011812212717734595,0.006035063905229623,0.00947257477633152,0.003445213890658752,0.007798558284376802,0.002806884409241588,0.004044884128944899,0.0033633501109401193,0.0028277800959058807,8.795560455880647e-06,1.0,0.03846
SK,2015,0.05439234841916604,0.009317737762490069,0.4086414981864794,0.1398698873961614,0.05244486475913462,0.040111884095351304,0.012590815950587685,0.0945537824638338,0.0037761451462017086,0.0010037760339378296,0.0011263316317194688,0.0058392166699390395,0.00930174229163637,0.0034022016993791055,0.0075895609839671755,0.0026794836433766483,0.003968139781086187,0.003382331146321403,0.0028069430008042153,7.349019922933525e-06,1.0,0.05714
SK,2016,0.05602059071429107,0.00885841846474715,0.40901247975208493,0.13708074252043131,0.05122822677227439,0.03996467823510454,0.013203179334388108,0.09330196097157327,0.00378603559529304,0.001134900919976939,0.001007163625240783,0.005980390935968222,0.009612271094790781,0.004043130913567835,0.007383405769792176,0.0027729738809312465,0.004133245270762855,0.0030285363254438226,0.002822587064564539,7.411293844364353e-06,1.0,0.05844
SK,2017,0.05232164668342141,0.007919039721791941,0.40973356324889354,0.1341369297884246,0.05049169747655382,0.04078521635520804,0.013288996544857035,0.09264917807675996,0.00399008809944564,0.001160683444379404,0.000987049554996888,0.006226351098168975,0.010093898858484602,0.004558469143534568,0.007419156556213397,0.002885972559965568,0.004247134573221397,0.0034159499635336844,0.0029621440021991782,7.243700867107327e-06,1.0,0.0528
SK,2018,0.05222512152691764,0.006899362294614659,0.41886644128857353,0.13185047671968683,0.051009663439317426,0.0403638001258729,0.01380296673651735,0.09215802692350164,0.0037474584255943605,0.001218340588771696,0.0008763998713368679,0.006563045217450183,0.009396239298004379,0.005029478772747329,0.006062440994828338,0.0028497488643665046,0.0039827427443551635,0.0028911512452142896,0.0026928086913555714,1.915713105807291e-05,1.0,0.06117
SK,2019,0.055605263150514,0.007533365536695215,0.3908328932548793,0.13155016191435262,0.05373491009286976,0.04052193408569592,0.015585241651465591,0.09085854464666769,0.004094044145908301,0.0015732897198042568,0.0021509286851906606,0.0074490780743621116,0.009549902364299806,0.006289255471668585,0.005550601966030518,0.0030621735271684288,0.004611662944442398,0.0032167645317334654,0.0027629767259073046,0.00023204103658482406,1.0,0.05665
SK,2020,0.061175369491300924,0.007182202393850507,0.38833632394687595,0.1313134583051433,0.057750067985961835,0.05161933745307364,0.012907793109631614,0.06357437979991026,0.004209919866774373,0.001471380133978629,0.002110806360520615,0.007540282135708389,0.009394724864333109,0.007441650419008523,0.004449914967966627,0.0033221435697381764,0.0054976210851362325,0.003393785013807026,0.0030370342718012795,7.881687105441354e-06,1.0,0.06783
SK,2021,0.053465885329083786,0.006854250985870517,0.4105383078853918,0.12953133199868344,0.051724061150195816,0.04918962810080008,0.01168438467000762,0.05602833742589153,0.004272533403094487,0.0014885895558984284,0.002150649531143631,0.00776893615894146,0.009634486837102395,0.005929024868029113,0.006290113234888921,0.0034363545906810396,0.005620467103546242,0.003426982370358911,0.0031094599880985333,7.058515263013655e-06,1.0,0.0597
